pair_id,question_id_1,title_1,body_excerpt_1,tags_1,question_id_2,title_2,body_excerpt_2,tags_2,review_status,reviewer_label,reviewer_name,label_source,review_notes,cosine_similarity,experiment_cluster_1,experiment_cluster_2,same_experiment_cluster,predicted_duplicate,predicted_label,optimal_similarity,optimal_cluster_1,optimal_cluster_2,optimal_same_cluster,optimal_predicted_duplicate
A001,18855757,Column identified in an update from a returned value,"I trying to update one table with column variable. Example: Table: BILLING (ORIGIN OF DATA) Columns: - CUSTOMER - PERIOD - REVENUE TABLE: BILLING_MONTHLY Columns: - CUSTOMER - M201301 (this value is REVENUE per year/month) - M201302 (this value is REVENUE per year/month) - M201303 (this value is REVENUE per year/month) I need update BILLING_MONTHLY with value column of BILLING (PERIOD), but I don't achieve set column in update equal result in select of table BILLING. Example: Table BILLING CUSTO",sql|oracle-database,18924704,How to export empty tables in oracle,I have a big problem When i take a dump of database the empty tables are truncated How i can export the all tables in oracle 10g exp SYSTEM/password FILE=expdat.dmp,oracle-database|oracle10g,初审完成，待第二人复核,不相关,Codex机器辅助初审,跨簇低相似保守负例初审,来自不同基线簇且无共享核心标题词；需第二位人工标注者复核。,0.010190,7,22,0,0,不相关,0.009944,7,22,0,0
A002,32097413,Correlated subquery to find employees earning more than average salary in their departments,"I am writing an Oracle query to find employees who earn more than the average salary within their departments. I need to display the last_name,employee_ID, salary, department_id and average salary of that department. I have written this query but I am not getting the desired answer. Can please someone tell me, where I am making the mistake select last_name,employee_id,salary,department_id,avg(salary) from employees e1 where salary > (select avg(salary) from employees e2 where e1.department_id=e2",sql|oracle-database|subquery|correlated-subquery,37988159,How do i make two select list interact whit each other ORACLE APEX,"I am trying to create a dynamique page with two select list, the first one for exemple will display a list of Channels and the seconde one tv shows of theses channels when i chose the values in both select list i get the right result What i cant figure out is how to make the following thing happen : for exemple when i select the first value let say list channels=CNN i would like the seconde select list to update and show me only the TV shows that correspond to this particular channel and not all",oracle-database|oracle11g|oracle-apex|oracle-apex-5,初审完成，待第二人复核,不相关,Codex机器辅助初审,跨簇低相似保守负例初审,来自不同基线簇且无共享核心标题词；需第二位人工标注者复核。,0.026113,33,32,0,0,不相关,0.028034,33,32,0,0
A003,43074824,"ORA-04091: table CISTU018.TIMESHEET is mutating, trigger/function may not see it","I have created a trigger:(my before trigger worked well, but my instructor wanted me to do an after trigger, but it didn't work when I tried to fire the trigger) /*AFTER TRIGGER*/ SET SERVEROUTPUT ON; SET VERIFY OFF CREATE OR REPLACE TRIGGER HOUR_TIMESHEET AFTER INSERT ON TIMESHEET FOR EACH ROW DECLARE T_REGHOURS TIMESHEET.REGHOURS%TYPE := :NEW.REGHOURS; T_OTIMEHOURS TIMESHEET.OTIMEHOURS%TYPE := :NEW.REGHOURS - 40; T_EMPID TIMESHEET.EMPID%TYPE := :NEW.EMPID; T_PAYWEEKENDDATE TIMESHEET.PAYWEEKEND",oracle-database,68826243,"table -- is mutating, trigger/function may not see it error in oracle sql 11g","I want to create auto incrementing ID in my table which should have substrings and is padded. In order to do that, i created a sequence, function and a trigger as follows: create sequence account_number_seq START WITH 1 INCREMENT BY 1 NOCACHE; create or replace function reginfo_func return varchar2 is sub varchar2(20); begin select SUBSTR(Account_Type,1,2) || SUBSTR(FirstName,1,3) || RPAD(Account_Number_seq.nextval,10,'0') INTO sub from registeredinfo; return sub; end; create or replace trigger ",sql|oracle-database|plsql|oracle-sqldeveloper,初审完成，待第二人复核,相关但不重复,Codex机器辅助初审,同簇高相似困难负例初审,共享错误码或多个核心术语，但具体输入、环境或解决目标不同；需第二位人工标注者复核。,0.482597,44,44,1,0,相关但不重复,0.497345,44,44,1,1
A004,5630991,Exception while starting Weblogic Managed Server,"I tried to start Weblogic managed server and I'm getting the exception below: Apr 11, 2011 10:08:16 PM PDT> <Error> <oracle.bam.adc.dse.common.DataSourceFactory> <BEA-000000> <[12] Exception occurred in method DataSourceFactory.getDataSource(jdbc/oracle/bam/adc) Exception: javax.naming.NameNotFoundException: While trying to lookup 'jdbc.oracle.bam/adc' didn't find subcontext 'oracle'. Resolved 'jdbc'; remaining name 'oracle/bam/adc' at weblogic.jndi.internal.BasicNamingNode.newNameNotFoundExcept",java|oracle-database|weblogic|business-process-management,62758292,How to create CREATE VIEW INVOICE_V in SQL?,"I have some queries in SQL relating to Pine Valley Furniture System. Here is my query: CREATE VIEW INVOICE_V AS SELECT CUSTOMER_T.CUSTOMER_ID, CUSTOMER_T.CUSTOMER_ADDRESS, ORDER_T.ORDER_ID, PRODUCT_T.PRODUCT_ID, ORDER_LINE_T.ORDERED_QUANTITY, FROM CUSTOMER_T, ORDER_T, PRODUCT_T, ORDER_LINE_T WHERE CUSTOMER_T.CUSTOMER_ID = ORDER_T.CUSTOMER_ID AND ORDER_T.ORDER_ID = ORDER_LINE_T.ORDER_ID AND (PRODUCT_T.PRODUCT_ID = ORDER_LINE_T.PRODUCT_ID), CREATE VIEW ORDER_TOTALS_V AS SELECT PRODUCT_ID PRODUCT, ",sql|oracle-database,初审完成，待第二人复核,不相关,Codex机器辅助初审,跨簇低相似保守负例初审,来自不同基线簇且无共享核心标题词；需第二位人工标注者复核。,0.001051,42,0,0,0,不相关,0.001865,2,0,0,0
A005,31606858,"Unkillable Oracle session waiting on ""SQL*Net message from client"" event","On Oracle 11gR2, I've recently encountered a very interesting situation involving a blocked (but idle!) MERGE statement that hangs on a ""SQL*Net message from client"" event, causing subsequent, concurrently executed MERGE statements to block on the first statement via ""cursor: pin S wait on X"" events. In Oracle Enterprise Manager, the following can be observed: This situation turns even more severe, as the above Session-ID 1204 cannot be killed with either: alter system kill session 'sid,serial#'",sql|oracle-database|concurrency|sql-merge|contention,68037842,SQL*Net message from client on Idle event but active session,"In our application, facing high CPU usage issue due to SQL*Net message from client event which is showing idle event in V$SESSION but status is active. It looks very strange that session is active on idle event and causing high CPU usage. Interesting point is those sessions are not released from oracle database event after bringing down the client application and are only released after DB restart. This behavior is very random in the application. The client application runs very well most of the",java|sql|oracle-database|cpu,初审完成，待第二人复核,相关但不重复,Codex机器辅助初审,同簇高相似困难负例初审,共享错误码或多个核心术语，但具体输入、环境或解决目标不同；需第二位人工标注者复核。,0.366034,2,2,1,0,相关但不重复,0.387659,2,2,1,1
A006,18142511,SQL Server datetime to Oracle,"If you have in SQL Server DATETIME , what will this be in Oracle? DATE , where you loose the fractional parts of a second or better TIMESTAMP(3) ?",sql|sql-server|oracle-database|sqldatatypes,26475001,Install Oracle 11g and Sql Developer on Ubuntu or windows 7,"At first, sorry if my question too simple or incorrect. So I would like to install oracle database 11 g and SQL developer. At first I tried install it on windows 7 but I was not able to finish it successfully(I know that I did something wrong , but cannot(do not want spend time) fix problem). Then I think that it will be much more convenient for me if I can find some VM(say VirtualBox) image in which Oracle db 11g and SQL developer already installed(it can be even be Ubuntu image, since OS is no",sql|oracle-database|oracle11g|virtualbox|oracle-sqldeveloper,初审完成，待第二人复核,不相关,Codex机器辅助初审,跨簇低相似保守负例初审,来自不同基线簇且无共享核心标题词；需第二位人工标注者复核。,0.002596,39,32,0,0,不相关,0.002553,39,32,0,0
A007,12581556,Find duplicated rows that are not exactly same,"Can i select all rows that have same column value (for example SSN field) but display them all separably. ? I've searched for this answer but they all have ""count(*) and group by"" section that demands the rows to be exactly same.",sql|oracle-database|duplicates,12896735,How to manage a large table with lots of inserts and selects?,"I have a table, namely X, with about 64 columns that stores online financial transactions. Every day millions of records are inserted into X. About 16 columns of X are queryable, that is to say, many system reports need to filter X's data based on the values of these 16 columns. Having DB indexes for all of these 16 columns makes the insert action too slow. On the other hand, having no index on some columns makes some reports too slow as well. So, here is the question. How I design the table X a",sql|database|oracle-database|indexing,初审完成，待第二人复核,不相关,Codex机器辅助初审,跨簇低相似保守负例初审,来自不同基线簇且无共享核心标题词；需第二位人工标注者复核。,0.012959,29,37,0,0,不相关,0.012998,29,4,0,0
A008,12528114,Regular expression in Oracle,"I want to fetch a string pattern in column of table. I am using a query like select CALCULATION_DETAILS from DS_ELEMENT_CALC_PROPERTY where REGEXP_LIKE(CALCULATION_DETAILS, 'fm.get'); I am not able to figure out the exact regexp for my requirement. CALCULATION_DETAILS is clob and it contains a very lengthy string of JavaScript code. It has a syntax like fm.get('11abc') or fm.get('11') or fm.get('ab1c') or fm.get('abc') t. I want to fetch the CALCULATION_DETAILS which has fm.get('11abc') or fm.ge",sql|regex|database|oracle-database|database-administration,51511424,Oracle: Regular expression for dot,"For example, I have a table ""example"" which has a column ""col1"" with string like below some example text here x2.0.3-a abc some other example text 1.5 abc another example text 0.1.4 mnp some other example text abc another example text mnp I want to select those rows that matches a regular expression. I want the regular expression something like this any string.any string.any string space abc/mnp or any string.any string space abc/mnp that is the regular expression should match two or three dots,",sql|regex|oracle-database,初审完成，待第二人复核,相关但不重复,Codex机器辅助初审,同簇高相似困难负例初审,共享错误码或多个核心术语，但具体输入、环境或解决目标不同；需第二位人工标注者复核。,0.431296,23,23,1,0,相关但不重复,0.428598,23,23,1,1
A009,36911453,java.sql.SQLSyntaxErrorException: ORA-00942: table or view does not exist,"when i was trying to read data from Oracle database using the following code i was getting exception ResultSet res=stmt.executeQuery(""select * from food""); But this table is actually exist in my database when i use this command directly in the command prompt its working fine.And also for one table among the tables in database this code is working fine ,but for other table names its not working properly.So someone please explain why this is happening. java.sql.SQLSyntaxErrorException: ORA-00942: ",java|oracle-database,37303426,table or view does not exist,"using mybatis for querying with database and throwing below error, ### Error querying database. Cause: java.sql.SQLException: ORA-00942: table or view does not exist ### The error may exist in com/pulse/jdbcservices/cob/pulset24user/PulseT24UserMapper.java (best guess) ### The error may involve defaultParameterMap ### The error occurred while setting parameters ### SQL: SELECT userid,username,classification,attributes from PULSET24USER ### Cause: java.sql.SQLException: ORA-00942: table or view d",java|oracle-database|jdbc|mybatis,初审完成，待第二人复核,相关但不重复,Codex机器辅助初审,同簇高相似困难负例初审,共享错误码或多个核心术语，但具体输入、环境或解决目标不同；需第二位人工标注者复核。,0.229976,18,42,0,0,相关但不重复,0.235682,18,29,0,0
A010,46619660,How to with oracle regexp_replace parse string,"I have a string: ""ABC-30 (40D)"", the result is 30, my example: regexp_replace(f, '^[^-]+-(\d+)*') don't work...",sql|regex|oracle-database,48523997,Oracle Regexp_replace string,Let's say I have the following string: notNull(devhx_8_other2_name_2) AND notNull(devhx_8_other2_amt) How can I use regexp_replace to change it to: (devhx_8_other2_name_2) is not null AND (devhx_8_other2_amt) is not null,sql|regex|oracle-database|regexp-replace,初审完成，待第二人复核,相关但不重复,Codex机器辅助初审,同簇高相似困难负例初审,共享错误码或多个核心术语，但具体输入、环境或解决目标不同；需第二位人工标注者复核。,0.671476,23,23,1,1,重复,0.671057,23,23,1,1
A011,68826243,"table -- is mutating, trigger/function may not see it error in oracle sql 11g","I want to create auto incrementing ID in my table which should have substrings and is padded. In order to do that, i created a sequence, function and a trigger as follows: create sequence account_number_seq START WITH 1 INCREMENT BY 1 NOCACHE; create or replace function reginfo_func return varchar2 is sub varchar2(20); begin select SUBSTR(Account_Type,1,2) || SUBSTR(FirstName,1,3) || RPAD(Account_Number_seq.nextval,10,'0') INTO sub from registeredinfo; return sub; end; create or replace trigger ",sql|oracle-database|plsql|oracle-sqldeveloper,71343429,"Oracle : ORA-04091: table AVIS is mutating, trigger/function may not see it","So, I'm a french student in IT, I've got this work like 4 weeks before, and I really can't get around this problem (I mainly worked on PostGRE and it's way different for me). I've got those two tables : link To resume, I've got one table LIVRES (which is book in French), where there's two attributes : -""refl"", the primary key, -""note_moy"", a calculated attribute, later on that. And a table AVIS (Rating I guess) with : -""refl"" as part Primary key (the other part is irrelevant), and foreign key re",sql|oracle-database|triggers,初审完成，待第二人复核,相关但不重复,Codex机器辅助初审,同簇高相似困难负例初审,共享错误码或多个核心术语，但具体输入、环境或解决目标不同；需第二位人工标注者复核。,0.338024,44,49,0,0,相关但不重复,0.339492,44,49,0,0
A012,40932517,Find the user logged in to application how many times with different version,I have a Oracle table which has record of frequent logins with different versions of applications. for Version_1 there is one entry but for Version_2 there are 8 entries. These 8 entries are having different time stamps(different milli sec). I want to find out for each user howmany times he is logging in to the Version_2 application. Here we can take Minutes to remove duplicate records. Here is the sample data with column names I want to find out the each user has logged in how many time excludi,sql|oracle-database,73445628,How does hibernate manage concurrent access,I have an application that uses two threads to do the following get a record from the db- for this query I use a select .. for update update a field of the record/object in Java save the updated object. @Transactional(propagation = Propagation.REQUIRES_NEW) public Records getRecordCondition() { Record record = recordDAO.findRecord(5); recordDAO.updateRecordStatus(record); return record; } // In Dao Class public Record findRecord(int number) { Session session = getCurrentSession(); try { String s,java|oracle-database|multithreading|hibernate|concurrency,初审完成，待第二人复核,不相关,Codex机器辅助初审,跨簇低相似保守负例初审,来自不同基线簇且无共享核心标题词；需第二位人工标注者复核。,0.082299,38,36,0,0,不相关,0.076776,8,36,0,0
A013,74390228,Flat to fat: sql column to multiple columns based on condition,"Is there any way to create a pivot table with conversion of single column into multiple based on some if conditions (from flat to fat table)? CREATE TABLE table_name (A,B,C,D) AS SELECT 'A', '1', '4', DATE '2000-01-04' FROM DUAL UNION ALL SELECT 'A', '1', '6', DATE '2000-01-04' FROM DUAL UNION ALL SELECT 'A', '2', '1', DATE '2000-01-04' FROM DUAL UNION ALL SELECT 'B', '1', '20', DATE '2000-01-04' FROM DUAL UNION ALL SELECT 'B', '2', '2', DATE '2000-01-04' FROM DUAL UNION ALL SELECT 'B', '-3', '9",sql|oracle-database|if-statement|pivot,79130038,Can I use a subquery inside of decode()?,"Given this expression: DECODE(SUBSTR(T.CARD_NUMBER, 1, 1), '4', 'VISA', '2', 'MasterCard', T.SCHEME) Is it allowed to use a subquery that fetches values from a table instead of the constants?",sql|oracle-database,初审完成，待第二人复核,不相关,Codex机器辅助初审,跨簇低相似保守负例初审,来自不同基线簇且无共享核心标题词；需第二位人工标注者复核。,0.007113,7,32,0,0,不相关,0.007860,7,32,0,0
A014,41771967,SQL command not properly ended with WHERE statement,"With this statement: SELECT CITY, LENGTH(CITY) FROM STATION ORDER BY LENGTH(CITY) WHERE ROWNUM = 1; why do I get this error: ERROR at line 1: ORA-00933: SQL command not properly ended SELECT CITY, LENGTH(CITY) FROM STATION ORDER BY LENGTH(CITY) WHERE ROWNUM = 1",sql|oracle-database,54473382,java.sql.SQLSyntaxErrorExceptionORA-00933: SQL command not properly ended,"I am using this query sql=String.format(""INSERT INTO PM_AM_ASSET_AUDIT(TAG_ID,MODEL_ID,CATEGORY_ID,DESCRIPTION,NOTES,STATUS_ID,PARK_ID,TOWER_ID,FLOOR_ID,UNIT_ID,CUSTOMER_ID,CHECK_OUT_DATE,DUE_DATE,MODIFIED_BY,MODIFIED_DATE,REVISION,PARK_NAME,TOWER_NAME,FLOOR_NAME,UNIT_NAME,CUSTOMER_NAME) SELECT TAG_ID,MODEL_ID,CATEGORY_ID,DESCRIPTION,NOTES,STATUS_ID,PARK_ID,TOWER_ID,FLOOR_ID,UNIT_ID,CUSTOMER_ID,CHECK_OUT_DATE,DUE_DATE,MODIFIED_BY,MODIFIED_DATE,REVISION,PARK_NAME,TOWER_NAME,FLOOR_NAME,UNIT_NAME,C",java|sql|oracle-database|jdbc,初审完成，待第二人复核,相关但不重复,Codex机器辅助初审,同簇高相似困难负例初审,共享错误码或多个核心术语，但具体输入、环境或解决目标不同；需第二位人工标注者复核。,0.329482,4,18,0,0,相关但不重复,0.372858,4,9,0,0
A015,1120706,Is there an Oracle SQL query that aggregates multiple rows into one row?,"I have a table that looks like this: A 1 A 2 B 1 B 2 And I want to produce a result set that looks like this: A 1 2 B 1 2 Is there a SQL statement that will do this? I am using Oracle. Related questions: Returning multiple rows from a single row My question is close to the opposite of this question. Use LINQ to concatenate This is exactly what I want to do, but without LINQ.",sql|oracle-database|aggregation|string-concatenation,13190890,How to get all usersnames in a single sql row,": Is there an Oracle SQL query that aggregates multiple rows into one row? i have the below output for my sql query to get the users details from oracle table Select distinct userid from Scope1 USERID Rakesh Admin i want the output to be as below so that i can do my queries even easier. please help me. USERID 'Rakesh','Admin' Thanks",sql|oracle-database|jdbc,初审完成，待第二人复核,重复,Codex机器辅助初审,Stack Overflow Possible Duplicate链接,原问题正文明确指向另一问题为Possible Duplicate。,0.293670,6,6,1,0,相关但不重复,0.303422,6,11,0,0
A016,45808304,Sum two counts from 2 different tables in sql,"I have two tables on db: 1. memberOne memberName | gender =================== Jack | M Steve | M Audrey | F 2. memberTwo memberName | gender =================== Sarah | F Steve | M Audrey | F Alvin | M I want to display this view: Gender | Total ======================= M | 4 F | 3 I performed this code SELECT t.Gender, COUNT(t.Gender) Total FROM memberOne t GROUP BY t.Gender UNION ALL SELECT d.Gender, COUNT(d.Gender) Total FROM memberTwo d GROUP BY d.Gender ; And this is what I got: Gender | Tot",sql|database|oracle-database,46605037,Oracle sum from different tables,"I want to sum values from different tables as follows in an Oracle DataBAse from the PL/SQL Developer, so I prepared this SQL statement: select sum(total) as ttt from (select count('1') as total from vehicle_hotel union select count('1') as total from alarm union select count('1') as total from vd_poi union select count('1') as total from person_hotel union select count('1') as total from social_office_transaction union select count('1') as total from person_hotel_field_value union select count(",sql|oracle-database|oracle12c,初审完成，待第二人复核,相关但不重复,Codex机器辅助初审,同簇高相似困难负例初审,共享错误码或多个核心术语，但具体输入、环境或解决目标不同；需第二位人工标注者复核。,0.461759,48,48,1,0,相关但不重复,0.486242,48,48,1,1
A017,13679740,embedded scripting in PL/SQL for oracle 11g,": how send email by Pl/sql I want to send emails from within my pl/sql from the database using oracle 11g,sort of embedded scripting. please help. i'm not that familiar with oracle but i have a deadline to provide this functionality.",oracle-database|shell|scripting|plsql,4244117,how send email by Pl/sql,"I want send email by using *oracle 9i - Enterprise edition release 9.2.0.8.0 , *I know there is one package for oracle 10,but would you advice me about it for oracle 9i? Is there any package ? Can I sent email by Oracle 9i? Is there any way using an interface program such as a java program and send email via that one, if it is impossible to send mail by Oracle 9i... I mean I just send parameter to that program and send email by using that program. I can run write batch file,can we run Outlook an",oracle-database|plsql|oracleforms,初审完成，待第二人复核,重复,Codex机器辅助初审,Stack Overflow Possible Duplicate链接,原问题正文明确指向另一问题为Possible Duplicate。,0.285134,1,1,1,0,相关但不重复,0.272157,1,1,1,1
A018,9975518,Select xml element value in Oracle,"I am trying to extract a value from an xml element, located in an XMLTYPE column in an Oracle Table. The xml element which I am trying to extract have a parent for which a namespace is defined. The xml looks something like: <a> <b xmlns=""urn:www.someSite.com/myModel""> <c>my value</c> </b> </a> If I want to extract the content of the ""a"" element, its context is correctly returned: SELECT Extract(myColumn, '/a') FROM myTable; But for returning the content of the ""c"" element I didn't succeed to fin",xml|oracle-database|namespaces|extract,9977166,Update xml element value in Oracle,"Having a XMLTYPE column in an Oracle table, I would like to update the values of some xml elements using UpdateXML method but I have troubles doing so because of a namespace which is applied on an xml element which is not parent. The xml structure of my elmenets looks something like: <a> <b xmlns=""urn:www.someSite.com/myModel""> <c>my value</c> </b> </a> and an update of the following form it does not work: UPDATE myTable SET myColumn = UpdateXML(myColumn, '/a/b/c','other value', 'xmlns=""urn:www.",xml|oracle-database|namespaces|updatexml,初审完成，待第二人复核,相关但不重复,Codex机器辅助初审,同簇高相似困难负例初审,共享错误码或多个核心术语，但具体输入、环境或解决目标不同；需第二位人工标注者复核。,0.701365,37,32,0,0,相关但不重复,0.668636,37,41,0,0
A019,41537386,Oracle 12c Import LRM error,I have 2 different Oracle servers. And I will do migration from 11g to 12c. I am doing prova now. These 2 servers has a network mapped connection on folder. I got full export from 11g to this shared folder successfully but when I trying to import I am getting below error. What to do and how to fix this issue? LRM-00109: could not open parameter file '/Backup/impdp_full_parfile.par' LRM-00113: error when processing file '/Backup/impdp_full_parfile.par',oracle-database|oracle11g|database-migration|oracle12c|datapump,65946818,Create a trigger that automatically assign grade in PL/SQL,I want to make a trigger that when I update student's mark in a table.. then it will automatically assign a grade. CREATE OR ALTER TRIGGER calculate_grade AFTER INSERT OR UPDATE ON student_subject BEGIN UPDATE student_subject SET grade = CASE WHEN (new.firstterm+new.secondterm) >= 80 THEN 'A' WHEN (new.firstterm+new.secondterm) >= 65 AND (new.firstterm+new.secondterm) < 80 THEN 'B' WHEN (new.firstterm+new.secondterm) >= 50 AND (new.firstterm+new.secondterm) < 65 THEN 'C' WHEN (new.firstterm+new.,sql|oracle-database|plsql,初审完成，待第二人复核,不相关,Codex机器辅助初审,跨簇低相似保守负例初审,来自不同基线簇且无共享核心标题词；需第二位人工标注者复核。,0.026563,27,49,0,0,不相关,0.028095,27,49,0,0
A020,72311943,"How to do like between two strings separated by , in oracle","I have values in database as string stored as 1234,5678 how can i do get list of all values which have any one of the value in database if i do select * from students where room_number like '1234,5678'; it give empty only values which have both numbers how to get all which belongs to '1234' '5678' and '1234,5678'",oracle-database,78820101,Run a query based on the output of a condition in Oracle sql,"I have this table with column name as ""IdentificationNo"", ""InformationType"", ""datefield"" and ""vauleAmount"". Now based on the value of these fields, I want to run another query in the same table as explained below: Let's say if for a given IdentificationNo (123), (informationType = 'abc' and datefield is not empty) AND, for the same IdentificationNo (123) there is a row with (informationType = 'xyz' and valueAmount=0) present too then I want to ignore such rows from the returned resulset. So, if ",sql|oracle-database|oracle11g,初审完成，待第二人复核,不相关,Codex机器辅助初审,跨簇低相似保守负例初审,来自不同基线簇且无共享核心标题词；需第二位人工标注者复核。,0.087710,13,39,0,0,不相关,0.082532,13,39,0,0
A021,28884601,Array within in clause,"I have several sqls that I am running as part of a large db script. There are often conditions which are repeated over several of the sqls. For example update phone_numbers set num = 'abc' where id not in (1,2,4,5,6,8); update fax_numbers set num = 'abc' where id not in (1,2,4,5,6,8); update email_add set val = 'abc' where id not in (1,2,4,5,6,8); My problem is that I am constantly repeating the values in the not in clause. how can i move these numbes into a variable and then apply to each sql. ",sql|oracle-database,35449937,Oracle 12c Hash encryption,"I want to store hash data for the password of the user table. So I want to know the what's data type of the UserPassword field. How can I insert data to the UserPassword column & retrieve from the validate user from the User table. SysUsers Table column: (USERID NUMERIC, USERNAME VARCHAR(50), USERPASSWORD [Data_Type]). Insert: INSERT INTO SYSUSERS(USERID, USERNAME, USERPASSWORD) VALUES(1, 'John', _____) Retreive Data: SELECT * FROM SYSUSERS WHERE USERNAME = 'John' AND USERPASSWORD = ____",oracle-database,初审完成，待第二人复核,不相关,Codex机器辅助初审,跨簇低相似保守负例初审,来自不同基线簇且无共享核心标题词；需第二位人工标注者复核。,0.013024,23,28,0,0,不相关,0.012697,23,28,0,0
A022,15228339,Oracle regular expression,"I have below string of data,How to get number alone using oracle regular expression last two charcters is always either 'RC' or 'RN'.If number not found return 0. 1AEABCRC 1AEABC1RC 1AEABC1RN 1AEABC2RN",oracle-database|plsql|plsqldeveloper,33179594,Subexpression in regular expression Oracle,"Why do we need a subexpression in regular expressions in Oracle? It is new feature of Oracle 11g, we can specify which subexpression from pattern we want to find. We can use this parameter in REGEXP_SUBSTR and REGEXP_INSTR . Here is an example from docs: SELECT REGEXP_INSTR('1234567890', '(123)(4(56)(78))', 1, 1, 0, 'i', 2) ""REGEXP_INSTR"" FROM DUAL; REGEXP_INSTR ------------------- 4 But it isn't clear to me, why do we really need this parameter (in the above example we could just use 4(56)(78) ",sql|regex|oracle-database|oracle11g,初审完成，待第二人复核,相关但不重复,Codex机器辅助初审,同簇高相似困难负例初审,共享错误码或多个核心术语，但具体输入、环境或解决目标不同；需第二位人工标注者复核。,0.307990,23,23,1,0,相关但不重复,0.307087,23,23,1,1
A023,12025748,XML parsing in oracle pl/sql,"I am trying to parse this XML in PL/SQL <?xml version=""1.0"" encoding=""utf-8""?> <!--ADOR Acknowledgement 2--> <AckTransmission xmlns:xsi="" "" xmlns="" ""> <TransmissionHeader recordCount=""1""> <Jurisdiction>ALABAMA</Jurisdiction> <TransmissionId>1946157056</TransmissionId> <Timestamp>2012-08-16T01:25:47-05:00</Timestamp> <Transmitter> <ETIN>00000</ETIN> </Transmitter> <ProcessType>T</ProcessType> <AgentIdentifier>ACK</AgentIdentifier> </TransmissionHeader> <Acknowledgement> <SubmissionId>X1684956672<",xml|oracle-database|plsql,12032776,Parsing XML Comments in Oracle,": XML parsing in oracle pl/sql In the below XML I need to get the Comment "" ADOR Acknowledgement 2 "" Can you please help me to get this <?xml version=""1.0"" encoding=""utf-8""?> <!--ADOR Acknowledgement 2--> <AckTransmission xmlns:xsi="" "" xmlns="" ""> <TransmissionHeader recordCount=""1""> <Jurisdiction>ALABAMA</Jurisdiction> <TransmissionId>1946157056</TransmissionId> <Timestamp>2012-08-16T01:25:47-05:00</Timestamp> <Transmitter> <ETIN>00000</ETIN> </Transmitter> <ProcessType>T</ProcessType> <AgentIde",xml|oracle-database|plsql|comments,初审完成，待第二人复核,重复,Codex机器辅助初审,Stack Overflow Possible Duplicate链接,原问题正文明确指向另一问题为Possible Duplicate。,0.845968,43,43,1,1,重复,0.843724,43,43,1,1
A024,13171999,Multiple small trigger vs single large trigger on table,": Consolidate several Oracle triggers. Any performance impact? Question: Which one is best (for performance)? Having multiple triggers (about 7-10) one for each situation/purpose, or one trigger which handles all the situations (by using if, etc). Detail: We're developing enterprise application based on Oracle database . We have one table with approximately 3M rows, which is base table for our app. And there are several situations that we need to handle only with triggers. IMHO, for maintenance,",oracle-database|triggers,8579240,Consolidate several Oracle triggers. Any performance impact?,"Most of our tables have one BEFORE INSERT OR UPDATE trigger, in order to set ID's BEFORE INSERT and to set creation / modification users / dates BEFORE INSERT OR UPDATE . There are a couple of tables with additional triggers, which were separated from the previous one in order to make their intent more clear. Also, those additional triggers could be disabled independently from the previous one, which should never be disabled. In most cases, the additional triggers also fire BEFORE INSERT OR UPDA",performance|oracle-database|triggers|oracle11g,初审完成，待第二人复核,重复,Codex机器辅助初审,Stack Overflow Possible Duplicate链接,原问题正文明确指向另一问题为Possible Duplicate。,0.355483,44,44,1,0,相关但不重复,0.375941,15,32,0,0
A025,21236085,How to make to_number ignore non-numerical values,"Column xy of type 'nvarchar2(40)' in table ABC. Column consists mainly of numerical Strings how can I make a select to_number(trim(xy)) from ABC query, that ignores non-numerical strings?",sql|oracle-database,50600691,Oracle PL/SQL : Accessing previous row calculated value in current row,"Trying to calculate the column's value wherein the value is getting calculated based on previous row's calculated value. (As in the image below ) which has column Z which is a calculated column as a product of X*Y, case when there is no previous row the value of Y column should be 1 else the value should be previous Z column value. This can be achieved using Cursor's but trying to find it using SQL Query.",sql|oracle-database,初审完成，待第二人复核,不相关,Codex机器辅助初审,跨簇低相似保守负例初审,来自不同基线簇且无共享核心标题词；需第二位人工标注者复核。,0.034729,35,43,0,0,不相关,0.029905,35,43,0,0
A026,5091642,Need to write a SQL query to fetch data from a Oracle database,"I need to write a SQL query which can fetch a data from one table A. Senario - Lets take table A has only two column C1 and C2. C1 has row_id's and C2 has vaues like ""Site=google;site=gmail,site=yahoo"" Requirment - Need to write a query which can fetch all the row_id from column C1 of table A but the value should come for column C2 as ""google;gmail;yahoo"". Means it should not show ""Site="" for all the values of C2 column in the data fetch. And one more condition that if there is , in place of ; i",sql|oracle-database,5092067,Need to write a SQL query to fetch data from a Oracle database,": Need to write a SQL query to fetch data from a Oracle database I need to write a SQL query which can fetch a data from one table A. Senario - Lets take table A has only two column C1 and C2. C1 has row_id's and C2 has vaues like ""Site=google;site=gmail;yahoo"" Requirment - Need to write a query which can fetch all the row_id from column C1 of table A but the value should come for column C2 as ""yahoo"". Means if anything starts with ""Site="" in any value of C2 column then it should not been shown ",sql|oracle-database,初审完成，待第二人复核,重复,Codex机器辅助初审,Stack Overflow Possible Duplicate链接,原问题正文明确指向另一问题为Possible Duplicate。,0.920151,14,14,1,1,重复,0.912945,14,14,1,1
A027,19547890,oracle Stored Procedure with Out parameter,"I'm having trouble using an Oracle stored procedure that has an out parameter. I don't have access to view the actual stored proc but here is the method signature: CHECKPASSWORDUSED (System.Decimal USER_IN, System.String PASSWORD_IN, out System.Decimal PW_FAIL) And this is how I'm trying to call it. public decimal CheckIfPasswordUsed(long userId, string password) { decimal? used; _context.CHECKPASSWORDUSED(userId, password, out used); return Convert.ToDecimal(used); } I had to define an out vari",c#|oracle-database|stored-procedures,62451874,C# - Pl/SQL Problem with out parameter in stored procedure,"I have a stored procedure which looks like this: PROCEDURE semifinished_lable_data(p_piece_num_id IN INTEGER, p_piece_id OUT STRING, p_tickness OUT NUMBER) IS begin select p_piece_id,p_tickness into p_piece_id,p_tickness from piece p where p.piece_num_id=p_piece_num_id; end; I've executed it from the database and it worked perfectly. When I execute it from c# app I don't get any value back. Then when I researched the problem , I added that : cmd.BindByName = true But this time i got the followin",c#|sql|oracle-database,初审完成，待第二人复核,相关但不重复,Codex机器辅助初审,同簇高相似困难负例初审,共享错误码或多个核心术语，但具体输入、环境或解决目标不同；需第二位人工标注者复核。,0.237484,17,9,0,0,相关但不重复,0.246380,17,17,1,1
A028,12528114,Regular expression in Oracle,"I want to fetch a string pattern in column of table. I am using a query like select CALCULATION_DETAILS from DS_ELEMENT_CALC_PROPERTY where REGEXP_LIKE(CALCULATION_DETAILS, 'fm.get'); I am not able to figure out the exact regexp for my requirement. CALCULATION_DETAILS is clob and it contains a very lengthy string of JavaScript code. It has a syntax like fm.get('11abc') or fm.get('11') or fm.get('ab1c') or fm.get('abc') t. I want to fetch the CALCULATION_DETAILS which has fm.get('11abc') or fm.ge",sql|regex|database|oracle-database|database-administration,29831610,Regular Expression - SPECIFICWORD_ANYWORD_ANYWORD_SPECIFICLETTER,"I am developing a solution at my work to check a number of database values in order to see if they match an specific format. I have been developing it using pure PL/SQL, but its getting overcomplicated and I believe that using regex is the simplest and most effective way. The expression that I need to match is: SPECIFICWORD_ANYWORD_ANYWORD_SPECIFICLETTER The first SPECIFICWORD is just APEX , followed by an underscore ( _ ), followed by any word, followed by an underscore ( _ ), followed by any w",regex|oracle-database,初审完成，待第二人复核,相关但不重复,Codex机器辅助初审,同簇高相似困难负例初审,共享错误码或多个核心术语，但具体输入、环境或解决目标不同；需第二位人工标注者复核。,0.245330,23,23,1,0,相关但不重复,0.240583,23,23,1,1
A029,18863631,Count no of occurences of elements in single row,"I got a requirement like i need to find number of occurences of particular value in a single row of an oracle table. Say my source table looks likes this, ID score1 score2 score3 score4 score5 --------------------------------------------- aa -1 65 -1 -1 82 bb -1 65 99 14 82 I need a query which will return the results like, ID score1 score2 score3 score4 score5 count ( count of -1 occurences) ------------------------------------------------------ aa -1 65 -1 -1 82 3 bb -1 65 99 14 82 1 And the v",sql|oracle-database|oracle10g,8955974,Oracle JDBC Pool Connection access allocation strategy?,"When using an Oracle JDBC connection pool, is there a way to control how the connections are handed out? In particular, is there a way to specify using a LIFO strategy? It seems the connections may be handed out in a round robin fashion. In this scenario: max connections in pool are used (10) thereafter, only one concurrent connection is ever used, every 5 sec retrieved and returned inactivity timeout is set to 60 sec if a round robin strategy is used, each of the 10 pooled connections will be u",oracle-database|jdbc|connection-pooling,初审完成，待第二人复核,不相关,Codex机器辅助初审,跨簇低相似保守负例初审,来自不同基线簇且无共享核心标题词；需第二位人工标注者复核。,0.041351,6,18,0,0,不相关,0.043266,6,18,0,0
A030,10221730,How do you use SQL to see whether a table exists or not?,": SQL Server: Check if table exists Oracle: If Table Exists I'm trying to create a table and insert some values, but before I do I must make sure that the table doesn't already exist. How do you check for this?",sql|oracle-database|create-table,1799128,Oracle: If Table Exists,"I'm writing some migration scripts for an Oracle database, and was hoping Oracle had something similar to MySQL's IF EXISTS construct. Specifically, whenever I want to drop a table in MySQL, I do something like DROP TABLE IF EXISTS `table_name`; This way, if the table doesn't exist, the DROP doesn't produce an error, and the script can continue. Does Oracle have a similar mechanism? I realize I could use the following query to check if a table exists or not SELECT * FROM dba_tables where table_n",sql|oracle-database|sql-drop,初审完成，待第二人复核,重复,Codex机器辅助初审,Stack Overflow Possible Duplicate链接,原问题正文明确指向另一问题为Possible Duplicate。,0.321884,25,25,1,0,相关但不重复,0.298685,25,25,1,1
A031,3883820,Oracle sqldeveloper - how to connect DB from command line,I am writing a small DB utility. I would like to give the user the ability to open an instance of Oracle sqldeveloper directly from this utility. Is it possible to open Oracle sqldeveloper IDE that already connected to a specific DB? Something like sqldeveloper USERID/PASSWORD@DATABASE,oracle-database|oracle-sqldeveloper,6905882,How do create a shortcut to get Oracle SQLDeveloper to open and connect to a database,": Oracle sqldeveloper - how to connect DB from command line In SQL*Plus, I would have done this: sqlplus user/password@database Is there any way to do the equivalent in SQL Developer?",oracle-database|command-line|oracle-sqldeveloper,初审完成，待第二人复核,重复,Codex机器辅助初审,Stack Overflow Possible Duplicate链接,原问题正文明确指向另一问题为Possible Duplicate。,0.591867,31,21,0,0,相关但不重复,0.636254,20,31,0,0
A032,12165391,writing pl/sql output into multiple excel worksheets in one excel,: How to export the result into different tabs of Excel in Toad for Data Analyst? I have a pl/sql code where I have two procedures in it (independent of each other) and on executing the procedure I want the output to be written in one excel file but with two worksheets in it. Ex: for one procedure the output should be in sheet 1 for next procedure the ouput should be in sheet 2. can any one help? i am using utl_file,oracle-database|excel|plsql|plsqldeveloper,2135798,How to export the result into different tabs of Excel in Toad for Data Analyst?,Does anyone know how to export results from more than one query into different sheets of the same Excel workbook using the report automation in TOAD for data analyst? Thank you,oracle-database|excel|automation|report|toad,初审完成，待第二人复核,重复,Codex机器辅助初审,Stack Overflow Possible Duplicate链接,原问题正文明确指向另一问题为Possible Duplicate。,0.465200,14,10,0,0,相关但不重复,0.458495,14,22,0,0
A033,31555919,ERROR at line 1: ORA-00937: not a single-group group function,"On this I am getting an error ERROR at line 1: ORA-00937: not a single-group group function. Can someone help me on this I am not familiar on sql . select cerps_accnt_code, cost_centre, SUM(TOTAL_AMOUNT_DUE) from globe_billing_report where tag like '%Duncan%'",sql|oracle-database|oracle11g,59896280,"ORA-00937: not a single-group group function in 11g,12c","Query1: select 1 from (select count(*),col1 from table1); O/P: 1 Version: 11g Query2: select * from (select count(*),col1 from table1); O/P: Error: Execution (1: 32): ORA-00937: not a single-group group function Version: 11g As, we are in same version, 1. For Query2, why we are getting error? 2. With out group by how query1 is returning result? In Version 12C, both queries are returning error as shared above.",oracle-database|oracle11g|oracle12c,初审完成，待第二人复核,相关但不重复,Codex机器辅助初审,同簇高相似困难负例初审,共享错误码或多个核心术语，但具体输入、环境或解决目标不同；需第二位人工标注者复核。,0.604879,27,27,1,1,重复,0.587945,27,27,1,1
A034,26475001,Install Oracle 11g and Sql Developer on Ubuntu or windows 7,"At first, sorry if my question too simple or incorrect. So I would like to install oracle database 11 g and SQL developer. At first I tried install it on windows 7 but I was not able to finish it successfully(I know that I did something wrong , but cannot(do not want spend time) fix problem). Then I think that it will be much more convenient for me if I can find some VM(say VirtualBox) image in which Oracle db 11g and SQL developer already installed(it can be even be Ubuntu image, since OS is no",sql|oracle-database|oracle11g|virtualbox|oracle-sqldeveloper,56581394,How do I search for records in a table using a procedure in PL/SQL?,"I'm trying to... Ask user for input and store the input to a variable Pass this variable into a procedure Procedure then should iterate through every row in one column of a certain table If the variable matches then all columns for that row will be printed out via. DBMS_OUTPUT.PUT_LINE(''); Procedure continues to iterate through all rows until finished I've tried reading my course-material, but the procedures being created are for different uses (e.g. updating a column in a row when a 'where' co",sql|oracle-database|plsql,初审完成，待第二人复核,不相关,Codex机器辅助初审,跨簇低相似保守负例初审,来自不同基线簇且无共享核心标题词；需第二位人工标注者复核。,0.009614,32,17,0,0,不相关,0.009543,32,17,0,0
A035,1720499,How to update single table in oracle?,"I am new to oracle. I have created one table in oracle i want to update that tables with all columns without any content..I want all columns in that table.How to do this?Can anyone explain me? Regards, Raman",oracle-database,45661014,Update table in a SQL database,"I am trying to add a column in my table which maps some values in another column to the new column. (Population is another column that I have) This is what I have been using: UPDATE my_table SET popmatch2 CASE WHEN popmatch IN ('MFNR', 'GQNR', 'EWNR', 'MHNR', 'OUTONR', 'OUTADVNR') THEN popmatch2 IN ('GENERAL', 'GENERAL', 'GENERAL', 'GENERAL', 'ENDEMIC', 'ENDEMIC') ELSE POPULATION; This is not working",sql|oracle-database|sql-update,初审完成，待第二人复核,相关但不重复,Codex机器辅助初审,同簇高相似困难负例初审,共享错误码或多个核心术语，但具体输入、环境或解决目标不同；需第二位人工标注者复核。,0.178523,32,32,1,0,相关但不重复,0.184326,32,32,1,0
A036,11730144,TO_DATE issue with Oracle DBMS_SQL.EXECUTE function,I am trying to invoke an Oracle stored procedure using the DBMS_SQL.EXECUTE function. I am passing the PL/SQL block as the input argument to the function which invokes the DB procedure using the DBMS_SQL.EXECUTE function. The procedure is having a string argument which I pass the current date in string format using the TO_DATE function. See below for the syntax I used to invoke the procedure. When the procedure is invoked the date passed is saved in the database as DATE data type. The issue I am,java|sql|oracle-database|function|stored-procedures,11909723,Oracle To_Date issue,": TO_DATE issue with Oracle DBMS_SQL.EXECUTE function I am using a function that takes date as varchar input and the n passes it to another procedure.I could see that the time past associated with the date is not getting inserted at some scenario's. please find below my function iv_plsql4 :='10-AUG-2012 07:30:30'; ln_dbms_cur := DBMS_SQL.OPEN_CURSOR; iv_plsql2 := BEGIN PKG_PRADEEP.P_INSERTDATE(to_date(iv_plsql4,'DD-MM-YYYY HH24:MI:SS')); DBMS_OUTPUT.put_line(iv_plsql); DBMS_SQL.PARSE(ln_dbms_cur",java|oracle-database|function|oracle10g|native,初审完成，待第二人复核,重复,Codex机器辅助初审,Stack Overflow Possible Duplicate链接,原问题正文明确指向另一问题为Possible Duplicate。,0.850938,45,45,1,1,重复,0.807106,45,45,1,1
A037,10943793,how to use like and in query,": Is there a combination of “LIKE” and “IN” in SQL? can we use like and in condition in same query like this select inticap(last_name),length(last_name) from employees where last_name in(like '%J%',like '%A%',like '%M%'); OR select inticap(last_name),length(last_name) from employees where last_name like in( '%J%', '%A%',l'%M%'); i know it wont work . here i want to display initial letter of last name capital and the length of last name and i want to display name with alphabets 'A' ,'J'and 'M'. p",sql|oracle-database|oracle10g,3014940,"Is there a combination of ""LIKE"" and ""IN"" in SQL?","In SQL I (sadly) often have to use "" LIKE "" conditions due to databases that violate nearly every rule of normalization. I can't change that right now. But that's irrelevant to the question. Further, I often use conditions like WHERE something in (1,1,2,3,5,8,13,21) for better readability and flexibility of my SQL statements. Is there any possible way to combine these two things without writing complicated sub-selects? I want something as easy as WHERE something LIKE ('bla%', '%foo%', 'batz%') i",sql|sql-server|oracle-database|t-sql|plsql,初审完成，待第二人复核,重复,Codex机器辅助初审,Stack Overflow Possible Duplicate链接,原问题正文明确指向另一问题为Possible Duplicate。,0.152160,33,31,0,0,相关但不重复,0.158467,35,31,0,0
A038,30356182,Toad for oracle -- ORA-12514:TNS:listener does not currently know of service requested in connect descriptor,"I'm getting this error when connecting with Toad for Oracle. ORA-12514: TNS:listener does not currently know of service requested in connect descriptor Items Checked TNS_ADMIN environment variable is defined as ""D:\app\oracle\product\12.1.0\client_1\Network\Admin"" D:\app\oracle\product\12.1.0\client_1\Network\Admin\tnsnames.ora was located The following connect descriptor was found for OCP36T in the tnsnames.ora file ocp36t = (DESCRIPTION = (ADDRESS = (PROTOCOL = TCP)(HOST = lx-cpora-t01k.lmig.c",oracle-database|toad,55322654,"expressjs oracledb { [Error: ORA-12514: TNS:listener does not currently know of service requested in connect descriptor] errorNum: 12514, offset: 0 }","I connect with DBeaver to Oracle Database Express Edition 11g successfully but when i want to connect with nodeJS my code is const oracleApp = express(); const oracledb = require('oracledb'); const config = { user: 'TEST', password: 'TEST', connectString: 'localhost:1521/XE' }; async function getStudents() { let conn; try { conn = await oracledb.getConnection(config); const result = await conn.execute( 'select * from students' ); console.log(result.rows[0]); } catch (err) { console.log('Ouch!', ",node.js|oracle-database|express|node-oracledb,初审完成，待第二人复核,相关但不重复,Codex机器辅助初审,同簇高相似困难负例初审,共享错误码或多个核心术语，但具体输入、环境或解决目标不同；需第二位人工标注者复核。,0.328118,20,20,1,0,相关但不重复,0.358439,20,20,1,1
A039,29155012,Referencing the foreign key of another schema,For my project I am using oracle database where I have to work with 2 different database schema. Consider the following scenario please - I have a schema A and in it I have a table table_a with a primary key apk And I have another schema B and in it I have a table table_b with a primary key bpk If both of these tables are in a same database then I can easily make a primary key - foreign key relationship. But can I make a primary key - foreign key relation ship (or something like this) between th,database|oracle-database|foreign-keys|relational-database|primary-key,50150875,How to reference foreign key of another schema table while creating table?,"I have two Schemas :- GamersProfileDB - Contain UserCredential_tbl table DeveloperDB - Contain PlayerAchievements_tbl table Now while creating table called PlayerAchievements_tbl , i want to reference it from another schema table Usercredential_tbl . Here is the following sql query :- create table PlayerAchievements_tbl ( pid number(10) references gamersprofiledb.usercredential (id), aid number(10) references achievements (id) ); But the above query gave me 'table or view does not exist' error T",sql|oracle-database|foreign-keys|sql-grant,初审完成，待第二人复核,重复,Codex机器辅助初审,Stack Overflow Possible Duplicate链接,原问题正文明确指向另一问题为Possible Duplicate。,0.328814,33,0,0,0,相关但不重复,0.345888,33,33,1,1
A040,35627087,Why oracle uses index skip scan for this query?,"The SQL queries only one table, the table has 100 millions rows. The SQL has three columns in the where clause, col_date , col_char1 and col_char2 . col_date is of date type, but it has only day part, no time part, like '2016-02-25 00:00:00', this column has about 1000 unique values, and these values spread evenly among the records in the table. col_char1 is of varchar2 type, it has about 30 unique values, and these values also spread evenly. col_char2 is also of varchar2 type, it has about 20 u",oracle-database|indexing,73528509,Does someone know whether Oracle.DataAccess.dll version 2.122.1.0 supports everything that version 2.112.2.0,"I've been using Oracle.DataAccess.dll in ODAC112040Xcopy_64bit for a long time to make .net calls to Oracle, I want to update the assembly to the version from ODAC122010Xcopy_x64. I'm just not sure if it will fully support everything the older version did as it can still be used to connect to older Oracle DBs. So basically will ODAC112040Xcopy_64bit and ODAC122010Xcopy_x64 be able connect and execute against the same Oracle DBs, with ODAC122010Xcopy_x64 just having new functionality for newer Or",c#|oracle-database,初审完成，待第二人复核,不相关,Codex机器辅助初审,跨簇低相似保守负例初审,来自不同基线簇且无共享核心标题词；需第二位人工标注者复核。,0.026297,6,25,0,0,不相关,0.026933,6,25,0,0
A041,1320593,error ORA-06550 ORA-00933,"I have a sales table: Name Null? Type SALE_ID NOT NULL NUMBER(4) SALE_DATE DATE NO_OF_PRODS NUMBER(4) PROD_ID NOT NULL NUMBER(4) CUST_ID NOT NULL NUMBER(4) DESP_ID NOT NULL NUMBER(4) SALE_RECEIPT NOT NULL NUMBER(5) I am trying to insert randomly generated data into the sales table. I am using iSQL plus for oracle. This is just test data that I have to create. I run the following script to generate the data: begin insert into sales select sale_id_seq.nextval, sysdate, trunc(dbms_random.value(000,",sql|oracle-database|ora-00933|ora-06550,70768402,Oracle developer. ORA-01722 Invalid Number when using UNION,"I have this problem: I have two tables: Table A and Table B, with the same column called PK_COLUMN that in both tables are numeric(8, 0). I want to make this union: Select CAST(TRIM(TABLEA.PK_COLUMN) AS INT) FROM TABLE A UNION Select CAST(TRIM(TABLEB.PK_COLUMN) AS INT) FROM TABLE B And I got the next error code: ORA-01722 Invalid number. The problem is that when I execute the both parts of the union separately they work perfectly!",sql|oracle-database|union,初审完成，待第二人复核,不相关,Codex机器辅助初审,跨簇低相似保守负例初审,来自不同基线簇且无共享核心标题词；需第二位人工标注者复核。,0.066126,44,48,0,0,不相关,0.064735,44,48,0,0
A042,23371721,SQL Multiple Values in Same Column,Provided this sort of db structure how might one write a query to find only movies that have both male and female patrons? movie movID name ticket TID movID patronID patron PID gender,sql|oracle-database,78696282,Multiple values of column in where condition,"I have a table as below create table auto ( ID number, SEQ number, COLUMN_NME varchar2(10), RELATIONAL_OPERATOR varchar2(20), COLUMN_VALUE varchar2(20) ); insert into auto SELECT 1,1,'HONDA','=','ACCORD' FROM DUAL; insert into auto SELECT 1,2,'ENGINE','=','V6' FROM DUAL; insert into auto SELECT 1,3,'COLOR','=','BLACK' FROM DUAL; insert into auto SELECT 1,4,'COLOR','=','BLUE' FROM DUAL; insert into auto SELECT 2,1,'TOYOTA','=','SIENNA' FROM DUAL; insert into auto SELECT 2,2,'COLOR','=','BLACK' FR",sql|oracle-database,初审完成，待第二人复核,相关但不重复,Codex机器辅助初审,同簇高相似困难负例初审,共享错误码或多个核心术语，但具体输入、环境或解决目标不同；需第二位人工标注者复核。,0.122091,6,7,0,0,不相关,0.121069,6,7,0,0
A043,16596918,how can my sql script determine whether it is running in sqldeveloper or sqlplus?,"I'm trying to work around the SQLDeveloper linesize bug by writing my script to detect whether it's SQL*Plus or SQLDeveloper. Something like: COLUMN SET_THE_LINE new_value TARGETLINESIZE noprint SELECT DECODE ('&&_SQLPLUS_RELEASE.','',5,500) as SET_THE_LINE from dual; SET LINESIZE &&TARGETLINESIZE I know that SQL*Plus always sets the value of _SQLPLUS_RELEASE and, understandably, SQLDeveloper does not. Unfortunately SQLDeveloper always prompts for the value of _SQLPLUS_RELEASE. Any suggestions?",oracle-database|oracle-sqldeveloper,22704433,Set Default Parameter as a list of strings Oracle PLSQL,"Here is what I am working with: CREATE OR REPLACE PROCEDURE SPROCLABPROCEDURE (Dept in VARCHAR2 DEFAULT 'Administration', 'Marketing', 'Purchasing', 'Human Resources', 'Shipping', 'IT', 'Public Relations', 'Sales', 'Executive', 'Finance', 'Accounting', Mgr in VARCHAR2 DEFAULT NULL) AS vManager Varchar2(30) := Mgr; vDepartment Varchar2(30) := Dept; I want the default values to be that entire list of strings. Later in my code, I want the option to be able to specify a few managers, or a few depart",string|oracle-database|list|parameters|plsql,初审完成，待第二人复核,不相关,Codex机器辅助初审,跨簇低相似保守负例初审,来自不同基线簇且无共享核心标题词；需第二位人工标注者复核。,0.014071,37,9,0,0,不相关,0.011782,37,9,0,0
A044,52993105,ORACLE how to use RANK function,"Good Morning, I can not get the result what I want right now. for example my code is select a.donor_id AS ID , a.date_of_record , RANK() OVER (PARTITION BY a.donor_id,a.date_of_record ORDER BY date_of_record) r_nk from table a The result is ID ----------------Date_of_record-----r_nk 012 12/14/2017 1 012 12/20/2017 1 012 12/20/2017 1 however I would like to show like this ID ----------------Date_of_record-----r_nk 012 12/14/2017 1 012 12/20/2017 1 012 12/20/2017 2 I am not sure why the code above",sql|oracle-database|window-functions,68490267,Using Oracle Rank function,"select product_name,start_tm,end_tm,load_date,bus_dt from A.product Output : Product_name start_tm end_tm Load_date bus_dt Pencil 01-jul-21 12:00 am 01-jul-21 12:30 am 03-jul-21 01-jul-21 Pencil 01-jul-21 04:00 am 01-jul-21 04:30 am 03-jul-21 01-jul-21 Eraser 01-jul-21 01:00 am 01-jul-21 01:30 am 01-jul-21 02-jul-21 Eraser 01-jul-21 04:00 am 01-jul-21 04:30 am 02-jul-21 02-jul-21 If Product is Eraser then output should be latest load_date Product_name start_tm end_tm Load_date bus_dt Eraser 01-j",oracle-database,初审完成，待第二人复核,相关但不重复,Codex机器辅助初审,同簇高相似困难负例初审,共享错误码或多个核心术语，但具体输入、环境或解决目标不同；需第二位人工标注者复核。,0.213907,27,6,0,0,相关但不重复,0.212794,27,6,0,0
A045,16209728,TNS:could not resolve the connect identifier specified,"I have oracle server 11g installed on my windows 7 machine. I have to install this server from a remote machine. Remote machine is a 64 bit system,with Ubuntu 12.10. To access the server I installed Oracle instant client and configured eveything. ORACLE_HOME, TNS_ADMIN, PATH, LD_LIBRARY_PATH all are set, and are pointing to correct locations. My tnsname.ora file: ORCL = (DESCRIPTION = (ADDRESS = (PROTOCOL = TCP)(HOST = ravi)(PORT = 1521)) (CONNECT_DATA = (SERVER = DEDICATED) (SERVICE_NAME = orcl",oracle-database|oracle11g|oracleclient|ora-12154,35772850,ORA-12154: TNS:could not resolve the connect identifier specified in VS 2013,"I had this same project working in VS2010, however when I switched to VS2013 I can no longer connect to the same Oracle DB. Steps that I have taken so far: Installed Oracle Developer Tools for VS2013 Nuget - Installed Official Oracle ODP.NET Manager Driver Nuget - Installed Official Oracle ODP.NET Managed Entity Framework Driver Nuget - Installed Official Oracle Providers for ASP.NET Managed Driver I can in VS2013 go to Data Connections and connect to the Oracle DB server that I desire. So it ap",c#|asp.net|oracle-database|visual-studio-2013|oracle11g,初审完成，待第二人复核,相关但不重复,Codex机器辅助初审,同簇高相似困难负例初审,共享错误码或多个核心术语，但具体输入、环境或解决目标不同；需第二位人工标注者复核。,0.238242,20,20,1,0,相关但不重复,0.248507,20,20,1,1
A046,13663051,SQL select statement confusion,: What is the dual table in Oracle? I have always wondered how does the query like: select sysdate from dual; or select 8 from dual; do work. As I'm used to select statement selects column/s value from a given table. But in the examples mentioned above table dual DOESN'T have sysdate or just '8' columns.... Could someone explain me how it works?,sql|oracle-database,73751,What is the dual table in Oracle?,I've heard people referring to this table and was not sure what it was about.,oracle-database|dual-table,初审完成，待第二人复核,重复,Codex机器辅助初审,Stack Overflow Possible Duplicate链接,原问题正文明确指向另一问题为Possible Duplicate。,0.285043,37,37,1,0,相关但不重复,0.278179,37,37,1,1
A047,47672428,After-update trigger gets 'bad bind variable' error,"When trying to make a trigger in Oracle which updates table PAND after changing AFGEVINKT from 0 to 1 in table BGT_PAND_MUTATIE : CREATE OR REPLACE TRIGGER AU_BGT_PAND_MUTATIE AFTER UPDATE OF AFGEVINKT ON BGT_PAND_MUTATIE FOR EACH ROW BEGIN UPDATE PAND SET VRIJNUMMER1 = NULL WHERE PAND.ID =: BGT_PAND_MUTATIE.ID; END; I get the following message: Error(5,20): PLS-00049: bad bind variable 'BGT_PAND_MUTATIE.ID' Table BGT_PAND_MUTATIE has columns ID and AFGEVINKT . Table PAND has columns ID and VRIJ",oracle-database|triggers|sql-update,68335361,Oracle Trigger error: Bad bind variable 'NEW',"I am trying to create a trigger for checking capacity, inputs of 2 function get_max_capacity and get_current_capacity have OBJECT_U5 type (My code is below) CREATE OR REPLACE TYPE object_u5 AS OBJECT ( student_id VARCHAR2(1000), course_id VARCHAR2(1000), sec_id VARCHAR2(1000), semester VARCHAR2(1000), year NUMBER(4,0), grade VARCHAR2(3) ); CREATE OR REPLACE FUNCTION get_current_capacity ( course_register IN object_u5 ) RETURN NUMBER IS current_capacity NUMBER(38); BEGIN SELECT COUNT(*) INTO curr",sql|oracle-database|plsql|triggers,初审完成，待第二人复核,相关但不重复,Codex机器辅助初审,同簇高相似困难负例初审,共享错误码或多个核心术语，但具体输入、环境或解决目标不同；需第二位人工标注者复核。,0.439240,44,44,1,0,相关但不重复,0.465129,44,44,1,1
A048,25149292,Rails console sql query only returns true,"I am issuing an SQL statement in console: > sql = ""SELECT flavour from Libation where id=8675309"" > result = ActiveRecord::Base.connection.execute(sql) => true Am using the oracle enhanced adapter, and wonder why I only get true. I was expecting something like ""mango"". I have tried many things and no luck.",ruby-on-rails|oracle-database|rails-console,79483095,Oracle 19c Why we can't loop through ORA-01013 exception (when user cancelled sql),"I found some behavior that I don't understand and I can't find it in the documentation. Maybe one of you can explain to me what happened here? What I want to achieve is to catch an exception when the user cancels the execution of the procedure. At the highest level of the application, in such a situation I want to perform a few additional procedures, including closing the logs, getting the content for the exception and throwing my own error. Some of the functions that I want to run in the except",oracle-database|exception|plsql,初审完成，待第二人复核,不相关,Codex机器辅助初审,跨簇低相似保守负例初审,来自不同基线簇且无共享核心标题词；需第二位人工标注者复核。,0.016500,31,44,0,0,不相关,0.016810,8,44,0,0
A049,23332210,Oracle and Asp.net connection,"I use Oracle SQL developer and I made a connection to my database with the system user, after I created a user and made a another connection when I try to run I get the SQL Error: ""ORA-01747: invalid user.table.column, table.column, or column specification"" This is my code for insert function: Dim sql As String = ""INSERT INTO SCHEME(CODE,DESC)"" & _ "" VALUES (:CODE,:DESC)"" Dim cmd As New OracleCommand(sql, conn) cmd.Parameters.Add(New OracleParameter(""CODE"", txtCODE.Text)) cmd.Parameters.Add(New ",asp.net|oracle-database,38627669,Oracle connection issue using ASP.NET MVC,"I'm having an issue in the using statement. Error is posted below. What do you guys think makes the program generate that error? public JsonResult Save_Record(UserModels model) { using (var con = new OracleConnection(ConfigurationManager.ConnectionStrings[""DBEntities""].ConnectionString)) { ... } } Here's the error in the using line: An exception of type 'System.ArgumentException' occurred in Oracle.DataAccess.dll but was not handled in user code Additional information: 'metadata' is an invalid c",asp.net|asp.net-mvc|oracle-database,初审完成，待第二人复核,相关但不重复,Codex机器辅助初审,同簇高相似困难负例初审,共享错误码或多个核心术语，但具体输入、环境或解决目标不同；需第二位人工标注者复核。,0.341700,18,9,0,0,相关但不重复,0.286800,18,9,0,0
A050,9050662,Oracle SQL Developer UPDATE error: SQL Error: ORA-00933: SQL command not properly ended,": How to UPDATE one column using another column in another table? SQL Error: ORA-00933: SQL command not properly ended I have tried everything I can think of but couldn't solve this SQL error: SQL Error: ORA-00933: SQL command not properly ended This is Oracle SQL. Have to say, Oracle SQL seems a lot more awkward and hard to use than the open-source version MySQL.... Many thanks. UPDATE SALES_DATA_FAMILY_2007 A SET A.POG_ID=B.POG_ID FROM POG_HIERARCHY B WHERE A.FAMILY_ID=B.FAMILY ;",sql|oracle-database|ora-00933,9050743,How to UPDATE one column using another column in another table? SQL Error: ORA-00933: SQL command not properly ended,I have tried everything I can think of but couldn't solve this SQL error: SQL Error: ORA-00933: SQL command not properly ended This is Oracle SQL. UPDATE SALES_DATA_FAMILY_2007 A SET A.POG_ID=B.POG_ID FROM POG_HIERARCHY B WHERE A.FAMILY_ID=B.FAMILY ; One alternative I have tried is as below. Unfortunately it gives another error: ORA-01427: single-row subquery returns more than one row UPDATE SALES_DATA_FAMILY_2007 SET POG_ID= (SELECT POG_HIERARCHY.POG_ID FROM POG_HIERARCHY WHERE SALES_DATA_FAMIL,sql|oracle-database|ora-01427,初审完成，待第二人复核,重复,Codex机器辅助初审,Stack Overflow Possible Duplicate链接,原问题正文明确指向另一问题为Possible Duplicate。,0.766109,32,32,1,1,重复,0.773722,32,32,1,1
A051,1399750,java - passing array in oracle stored procedure,"I have a Java app accessing an oracle stored procedure. The arguments to the stored procedure include an array type. I do it like the following... con = this._getConnection(); Connection narrowdConn = (Connection)WSJdbcUtil.getNativeConnection( (WSJdbcConnection)con ); callable = con.prepareCall(""{call MY_PKG.MY_PROCEDURE(?, ?)}""); ArrayDescriptor arrayDescriptor = ArrayDescriptor.createDescriptor(""VARCHAR2_ARR"", narrowdConn); ARRAY arrayArg1 = new ARRAY(arrayDescriptor, con, docNames); ARRAY ar",java|oracle-database|arrays|stored-procedures,6187766,ORA-04043 Error when oracle type is declared in a package,: java - passing array in oracle stored procedure We have a package defining a type and a procedure which uses that type. The problem is - If the type is defined in a package the call to create an java.sql.Array fails. If the type is declared outside the package everything works fine. The package is declared as create or replace PACKAGE TEST_ARRAY AS TYPE COLTYPE_NUMTAB is table of number; procedure Test_Procedure(some_var_name in COLTYPE_NUMTAB); END TEST_ARRAY; We use spring's stored procedure,oracle-database|jdbc|types,初审完成，待第二人复核,重复,Codex机器辅助初审,Stack Overflow Possible Duplicate链接,原问题正文明确指向另一问题为Possible Duplicate。,0.384322,19,9,0,0,相关但不重复,0.362222,9,9,1,1
A052,12579767,Query which will bring table names according column name,": Oracle column query or search I need a query which will bring name of the tables that contains that column name in oracle. Example: Lets say that I have table1 with columns (a,b) , table2 with columns (b,c) and table3 with columns (a,b,c,d) so I need a know which tables contain C column so I need a query which will bring table names, how I can do that ? Thanks",oracle-database|schema,1953239,Search an Oracle database for tables with specific column names?,"We have a large Oracle database with many tables. Is there a way I can query or search to find if there are any tables with certain column names? IE show me all tables that have the columns: id, fname, lname, address Detail I forgot to add: I need to be able to search through different schemas. The one I must use to connect doesn't own the tables I need to search through.",sql|oracle-database,初审完成，待第二人复核,重复,Codex机器辅助初审,Stack Overflow Possible Duplicate链接,原问题正文明确指向另一问题为Possible Duplicate。,0.323299,4,22,0,0,相关但不重复,0.326047,4,22,0,0
A053,54699150,Optimal method for nodejs to hand of image from database to browser,"the end result that I need is to send multiple images to a web browser from a database. The images are stored as blobs. I know I can stream them out of the database and into a file and then I could just give the url to the file. I also know I can hand off base64 string to the browser so it can render the image. My question is which option is the most optimal? Or best practice? Keep in mind that if I go the stream method, I would have to check to see if the image has changed since the last time I",node.js|oracle-database,9653551,Transpose of a table,"In my database I have a table, which has a column A and the respective values are: A -- 1 2 3 4 5 Is there any way that I can convert the table into A|1|2|3|4|5| I tried using the PIVOT keyword but I'm not able to get the result.",oracle-database|oracle11g|pivot,初审完成，待第二人复核,不相关,Codex机器辅助初审,跨簇低相似保守负例初审,来自不同基线簇且无共享核心标题词；需第二位人工标注者复核。,0.030647,41,39,0,0,不相关,0.020450,41,39,0,0
A054,44677013,Oracle refresh materialized view ON STATEMENT,"Does Oracle support ON STATEMENT refreshing of materialized views? It seems to be documented here under the section ""About ON STATEMENT Refresh for Materialized Views"": CREATE MATERIALIZED VIEW sales_mv_onstat REFRESH FAST ON STATEMENT USING TRUSTED CONSTRAINT AS SELECT s.rowid sales_rid, c.cust_first_name first_name, c.cust_last_name last_name, p.prod_name prod_name, s.quantity_sold quantity_sold, s.amount_sold amount_sold FROM sh.sales s, sh.customers c, sh.products p WHERE s.cust_id = c.cust_",database|oracle-database|materialized-views,53223221,Create and refresh materialized view on oracle,"i have a question. When i create or refresh a oracle materialized view, the source tables origin are locked in read or write operations? If i doing insert operation on the one of table source while dbms refreshing materialized view what happen? Thanks",database|oracle-database|materialized-views,初审完成，待第二人复核,相关但不重复,Codex机器辅助初审,同簇高相似困难负例初审,共享错误码或多个核心术语，但具体输入、环境或解决目标不同；需第二位人工标注者复核。,0.465628,0,0,1,0,相关但不重复,0.517050,0,0,1,1
A055,12767996,How to display the record with the highest value in Oracle?,I have 4 tables with the following structure: Table artist : artistID lastname firstname nationality dateofbirth datedcease Table work : workId title copy medium description artist ID Table Trans : TransactionID Date Acquired Acquistionprice datesold askingprice salesprice customerID workID Table Customer : customerID lastname Firstname street city state zippostalcode country areacode phonenumber email First question is which artist has the most works of artsold and how many of the artist works ,sql|oracle-database|limit|top-n,13436613,Display the name and max age,": How to display the record with the highest value in Oracle? I am supposed to display the name and age of the oldest person from the database. The code I used displays the name and the calculated age of several people, but it won't display the single oldest person. How do I get this to work? here is my code select dr_drvname as ""Name"", trunc(max((sysdate-dr_brthdate)/365)) as ""Highest AGE"" from driver,dual group by dr_drvname;",sql|oracle-database|top-n,初审完成，待第二人复核,重复,Codex机器辅助初审,Stack Overflow Possible Duplicate链接,原问题正文明确指向另一问题为Possible Duplicate。,0.234020,47,29,0,0,相关但不重复,0.246388,33,37,0,0
A056,1089508,How to best split csv strings in oracle 9i,"I want to be able to split csv strings in Oracle 9i I've read the following article But I didn't understand how to make this work. Here are some of my questions pertaining to it Would this work in Oracle 9i, if not, why not? Is there a better way of going about splitting csv strings then the solution presented above? Do I need to create a new type? If so, do I need specific privilages for that? Can I declare the type w/in the function?",oracle-database|csv|tokenize,9195835,Oracle: using IN clause with text field?,": How to best split csv strings in oracle 9i I have some legacy data where there's a VARCHAR2(100) field SUBID that has comma-delimited data: empno subid 1 1, 3, 2 2 18,19, 3, 6, 9 etc. I need to write the equivalent of select * from table where id in ( select SUBID from subidtable where empno = 1 ) Is there a way to accomplish this in Oracle? Edit: Added some clarification. I need to do the IN clause against the values stored in a string from a single row, not all rows.",sql|oracle-database|oracle10g|oracle11g|token,初审完成，待第二人复核,重复,Codex机器辅助初审,Stack Overflow Possible Duplicate链接,原问题正文明确指向另一问题为Possible Duplicate。,0.268205,14,23,0,0,相关但不重复,0.261480,14,23,0,0
A057,57192580,Creating stored procedure in toad failed to execute,"I'm creating Update Stored Procedure in Toad. When I'm executing the query it returns me an error like this. 1/51 PLS-00103: Encountered the symbol ""("" when expecting one of the following: := . ) , @ % default character Heres my Code: I've tried to change the AS to IN but still same error Create Or Replace Procedure SP_EMPLOYEE_UPDATE(P_EMPLOYEEID VARCHAR2(20 CHAR), P_EMPLOYEENAME VARCHAR2(100 CHAR), P_STATUS VARCHAR2(50 CHAR), P_SUPERIORID VARCHAR2(20 CHAR), P_MANAGERSUPERIORID VARCHAR2(20 CHAR",oracle-database|stored-procedures|toad,73190540,PLSQL- Walking thru JSON structure without knowing element names,"Used Database: Im using Oracle 19c database, so i tried to use JSON functions declared already in PLSQL (for instance JSON_TABLE) to import JSON inside database table. What im doing: Im just calling API, getting JSON from it, and then i would like to import data inside the database, regardless of what data, and in what structure they came. Problem: I would like to iterate JSON data without knowing element names inside that JSON. I would like to know where im actually am (name of current node), a",json|oracle-database|plsql,初审完成，待第二人复核,不相关,Codex机器辅助初审,跨簇低相似保守负例初审,来自不同基线簇且无共享核心标题词；需第二位人工标注者复核。,0.016379,26,13,0,0,不相关,0.016881,26,13,0,0
A058,13335700,How to limit this using rownum in oracle,": Oracle SQL - How to Retrieve highest 5 values of a column Hey so I have a query to do this: Write a query which retrieves only the ten companies with the highest number of pickups over the six-month period The 6 months I have been given and I tried many queries this is what I have but I know its wrong as I have no idea SELECT * FROM (SELECT customers.name,COUNT(MANIFEST.MANIFEST_BARCODE) AS Pickups FROM customers JOIN manifest ON (Reference = pickup_reference) ORDER BY Pickups desc;) WHERE ROW",oracle-database,2306744,Oracle SQL - How to Retrieve highest 5 values of a column,How do you write a query where only a select number of rows are returned with either the highest or lowest column value. i.e. A report with the 5 highest salaried employees?,sql|oracle-database|top-n,初审完成，待第二人复核,重复,Codex机器辅助初审,Stack Overflow Possible Duplicate链接,原问题正文明确指向另一问题为Possible Duplicate。,0.334255,4,47,0,0,相关但不重复,0.329042,4,47,0,0
A059,48915668,Why am i returning an INVALID identifier when trying to COMPILE this TRIGGER?,"So I am trying to compile this trigger that prints some lines as outputs ( have the variables declared because i will be building onto this trigger using these variables later on). There's an existing trigger in the same database that does the same exact thing with a different table passing the same data, but my trigger seems to throw an error saying that 'new.PROCESSED is an invalid identifier'. What am I doing wrong? I may just not know what is fully going on here in my code... (thanks in adva",oracle-database|plsql|database-trigger,7528241,Oracle multiple statments do not run correctly,"I have a file with 3 ""create type"" statements. I do not understand why, when I run the script it creates only the first type. When I open created type I see all three create statements inside. What am I missing here? CODE: create type SplitPathTableType as table of varchar2(450); create TYPE TSMNodesRecord AS OBJECT ( NodeID number(20), IsDataNode number(1), Path nvarchar2 (450), ParentID number(20), TimeStep number(20) ); create type TSMNODESTABLE as table of TSMNODESRECORD;",oracle-database|plsql|oracle10g,初审完成，待第二人复核,不相关,Codex机器辅助初审,跨簇低相似保守负例初审,来自不同基线簇且无共享核心标题词；需第二位人工标注者复核。,0.101076,44,7,0,0,不相关,0.106899,44,7,0,0
A060,39455882,Oracle NVL invalid number,"I have two Oracle 12c (12.1.0.2.0) databases, one of which returns 'ok' for the following query (using SQL Developer 3.2.20.10), whereas the other results in ORA-01722: invalid number : select 'ok' from dual where 1 = nvl(1, 'X'); The Oracle documentation for NVL says: If expr1 is numeric, then Oracle determines which argument has the highest numeric precedence, implicitly converts the other argument to that datatype, and returns that datatype. The values for NLS_COMP , NLS_SORT and NLS_LANGUAGE",sql|oracle-database,46542272,Storing a Query In A Variable,I've been looking into storing a query into a variable but I am having trouble doing so. I keep getting the error wrong number or types of arguments in call to '||' This is what I tried DECLARE addresses VARCHAR(200); CURSOR allAddresses IS SELECT * FROM ALL_ADDRESS; BEGIN FOR rec IN allAddresses LOOP addresses := addresses || rec; END LOOP; DBMS_OUTPUT.PUT_LINE(addresses); END;,oracle-database|plsql,初审完成，待第二人复核,不相关,Codex机器辅助初审,跨簇低相似保守负例初审,来自不同基线簇且无共享核心标题词；需第二位人工标注者复核。,0.055026,13,17,0,0,不相关,0.031893,13,17,0,0
A061,2875257,How to handle a single quote in Oracle SQL,How do I insert a record in a column having varchar data type having single quote in it? Example : first name is ROBERT and last name is D'COSTA,sql|oracle-database|escaping,8951809,insert query into oracle database,": How to handle a single quote in Oracle SQL My Senario: I want to save the query(not result set) in the database. I am using Java as the front end; My Table(Querytab) has the following Fields: sno VARCHAR2(1024) QUERY VARCHAR2(4000) The problem is when I insert a query which has conditions e.g insert into querytab values('100','select * from querytab where sno ='100''); ERROR at line 1: ORA-00933: SQL command not properly ended Problem is: The Queryvalue gets terminated when it finds the ' How ",java|sql|database|oracle-database,初审完成，待第二人复核,重复,Codex机器辅助初审,Stack Overflow Possible Duplicate链接,原问题正文明确指向另一问题为Possible Duplicate。,0.270660,23,7,0,0,相关但不重复,0.251624,23,7,0,0
A062,12245266,How to implement query limit or pagination in oracle,": How do I limit the number of rows returned by an Oracle query after ordering? I am using just like below query: SELECT url, title, metadesc FROM ( SELECT url,title, metadesc, rownum rn FROM ( SELECT url, title, metadesc FROM web ) WHERE rownum <= 60 ) WHERE rn > 50 it works fine for single table but if do join in my main query i.e SELECT name, id, url, title, metadesc FROM web, emp then it gives me error: java.sql.SQLException: ORA-00918: column ambiguously defined",oracle-database,470542,How do I limit the number of rows returned by an Oracle query after ordering?,"Is there a way to make an Oracle query behave like it contains a MySQL limit clause? In MySQL, I can do this: select * from sometable order by name limit 20,10 to get the 21st to the 30th rows (skip the first 20, give the next 10). The rows are selected after the order by , so it really starts on the 20th name alphabetically. In Oracle, the only thing people mention is the rownum pseudo-column, but it is evaluated before order by , which means this: select * from sometable where rownum <= 10 ord",sql|oracle-database|pagination|sql-limit,初审完成，待第二人复核,重复,Codex机器辅助初审,Stack Overflow Possible Duplicate链接,原问题正文明确指向另一问题为Possible Duplicate。,0.358240,4,34,0,0,相关但不重复,0.350869,4,34,0,0
A063,51028731,Populate additional rows based on existing row data in oracle,"I have an existing table with structure and sample data as below : +----------+-------+--------+--------+ | S.No | Desc | ACC ID | Value | +----------+-------+--------+--------+ | 1 | abc | ACC_1 | 1.23 | +----------+-------+--------+--------+ Base on business conditions select S.No, desc, case when acc id=ACC_1 then value else 0 end as ACC_2, case when acc id=ACC_1 then value else 0 end as ACC_3, case when acc id=ACC_1 then value else 0 end as ACC_4, from table1 Current output : +----------+---",oracle-database|pivot|case,6230362,Oracle query cast attribute,"I am trying to convert a decimal to text. Every time I try to cast, it converts the number this way: number: converted: --------------------- 0.1234 .1234 I tried using TO_CHAR, but without success.",sql|oracle-database|string,初审完成，待第二人复核,不相关,Codex机器辅助初审,跨簇低相似保守负例初审,来自不同基线簇且无共享核心标题词；需第二位人工标注者复核。,0.002596,7,39,0,0,不相关,0.002634,7,39,0,0
A064,2247310,How do I list all tables in a schema in Oracle SQL?,How do i list all tables in a schema in Oracle SQL?,sql|oracle-database,8456639,Get list of table names in different schema of an Oracle database,": Oracle: get list of all tables? How do I list all tables in a schema in Oracle SQL? I want to list all table in another schema. connect hr/hr; select table_name from user_tables; but I want to skip the ""connect"" command. I want to run query from another schema. Is that possible to do?",sql|oracle-database,初审完成，待第二人复核,重复,Codex机器辅助初审,Stack Overflow Possible Duplicate链接,原问题正文明确指向另一问题为Possible Duplicate。,0.632582,38,38,1,1,重复,0.548866,38,38,1,1
A065,47993372,How to achieve 'Only in' condition in oracle?,"How to achieve 'Only in' condition in oracle? I have two tables 'PlanPlanSet' and 'ExcludedPlans'. PlanPlanSet contains Plans and the Plan set associated to each plan. I want to fetch all records from PlanPlanSet where having Plan ONLY IN ExcludedPlans. PlanPlanSet table Plan1 - Planset1 Plan2 - Planset2 Plan3 - Planset3 Plan4 - Planset1 Plan5 - Planset5 ExcludedPlans Table Plan1 Plan2 Here Planset1 contains Plan1 and Plan4, and Planset2 contains only Plan2. So Planset1 should not be excluded an",sql|oracle-database|having,55956748,Invalid number of arguments,"Trying to concat 3 columns into one, but keep getting an error that I have an invalid number of arguments. select concat(""first_name"", "" "", ""last_name"", "" "", ""job_id"") from employees;",sql|oracle-database,初审完成，待第二人复核,不相关,Codex机器辅助初审,跨簇低相似保守负例初审,来自不同基线簇且无共享核心标题词；需第二位人工标注者复核。,0.012546,48,19,0,0,不相关,0.013017,48,19,0,0
A066,13805315,How to prefix a SQL query on a numerical column with £ symbol,": Add Currency Sign £, $ to certain fields ORACLE I have a table of values that represent money, I want to prefix the SQL query output with a £ sign. Is there anyway of doing this?",sql|oracle-database|symbols|oracle-apex,2717686,"Add Currency Sign £, $ to certain fields ORACLE",I want to display the dollar or pound sign in my fields that hold job_salary any one knows? how to,oracle-database|currency|sign,初审完成，待第二人复核,重复,Codex机器辅助初审,Stack Overflow Possible Duplicate链接,原问题正文明确指向另一问题为Possible Duplicate。,0.488357,26,19,0,0,相关但不重复,0.425206,26,19,0,0
A067,10000383,VB.NET Cannot connect to Oracle Server,I receive the error below when running the following function. The catch says the line where it opens the connection (Me.OracleConn.Open()). I have made sure that the server exists in the TNSNAMES.ora file. Imports NetOracle = System.Data.OracleClient ... Private Property OracleConn As NetOracle.OracleConnection ... Private Function Connect_To_Oracle() As Boolean Connect_To_Oracle = False Try 'Me.OracleConn = New NetOracle.OracleConnection Me.OracleConn = New System.Data.OracleClient.OracleConne,vb.net|oracle-database,22247915,cannot connect to oracle server from C#.net application,"I'm trying to connect to remote Oracle server. My connection string - OdbcConnection con = new OdbcConnection(); con.ConnectionString = @""Data Source=(DESCRIPTION=(ADDRESS=(PROTOCOL=TCP)(HOST= xxxx)(PORT=xxxxx))(CONNECT_DATA=(SERVER=dedicated)(SERVICE_NAME=abc.domain.com)));USER ID=user1;Password=pwd;""; I encountered error saying - ""ERROR [IM002] [Microsoft][ODBC Driver Manager] Data source name not found and no default driver specified"" (System.Data.Odbc.OdbcException) Exception Message = ""ERRO",c#|.net|oracle-database|connection-string|tnsnames,初审完成，待第二人复核,相关但不重复,Codex机器辅助初审,同簇高相似困难负例初审,共享错误码或多个核心术语，但具体输入、环境或解决目标不同；需第二位人工标注者复核。,0.417700,20,20,1,0,相关但不重复,0.382762,20,20,1,1
A068,42691025,regex on tnsnames.ora,my tnsnames.ora file has 2 formats : db_cl = (DESCRIPTION = (ADDRESS = (PROTOCOL = TCP)(HOST = a55)(PORT = 1522)) (CONNECT_DATA = (SERVER = DEDICATED) (SERVICE_NAME = cl) ) ) dbcd = (DESCRIPTION = (ADDRESS = (PROTOCOL = TCP)(HOST = a66 )(PORT = 1521)) (CONNECT_DATA = (SERVER = DEDICATED) (SERVICE_NAME = cd) ) ) myx5= (DESCRIPTION = (ADDRESS = (PROTOCOL = TCP)(HOST = v55)(PORT = 1521)) (CONNECT_DATA = (SERVER = DEDICATED) (SERVICE_NAME = x5) ) ) i want to get the hostname of a specific service_na,regex|oracle-database|bash,68988263,Pytest - connection to database,"I am automating with pytest, where the cases send parameters to a method in a class witch connects to a Databse and it returns a result, the problem I have is that the first case executes ok, but the second one returns FAILED test_002_create_desafio_base.py::test_impacto_base_subdominio - assert None == 20 , if I execute the second individually, the answers is ok, any idea what is the reason why it fails when I run the two tests? Does it have to do with the method that connects to the base? @pyt",python|oracle-database|automation|pytest,初审完成，待第二人复核,不相关,Codex机器辅助初审,跨簇低相似保守负例初审,来自不同基线簇且无共享核心标题词；需第二位人工标注者复核。,0.046334,20,35,0,0,不相关,0.058203,20,35,0,0
A069,64934736,How do I find the highest salary from each department using SUBQUERIES,"I'm really new to this and this particular question has been bugging me for days. I do know there are similar questions to this but I kept wondering how it would be done in subqueries. SALARY TABLE [Emp_ID] [SalaryPM] 001 | 10,500 002 | 50,000 003 | 8,000 004 | 10,000 DEPT TABLE [Emp_ID] [Dept_ID] 001 | A 002 | B 003 | C 004 | C I want it to look like this [Emp_ID] [Dept_ID] [SalaryPM] 001 | A | 10,000 002 | B | 50,000 004 | C | 10,000 What I have tried so far, but it only gives the highest sala",sql|oracle-database|subquery|greatest-n-per-group,76800729,How will you find 3rd employees from the top with highest salary from each department,"How will you find 3rd emplyees from top with highest salary in each department in Oracle SQL? Select * from (select emp-id, dept_id, row_number (order by salary desc) rn from employee group by emp_id, dept_id, salary) where rn = 3",sql|oracle-database,初审完成，待第二人复核,相关但不重复,Codex机器辅助初审,同簇高相似困难负例初审,共享错误码或多个核心术语，但具体输入、环境或解决目标不同；需第二位人工标注者复核。,0.416776,33,33,1,0,相关但不重复,0.413601,33,33,1,1
A070,15228339,Oracle regular expression,"I have below string of data,How to get number alone using oracle regular expression last two charcters is always either 'RC' or 'RN'.If number not found return 0. 1AEABCRC 1AEABC1RC 1AEABC1RN 1AEABC2RN",oracle-database|plsql|plsqldeveloper,51511424,Oracle: Regular expression for dot,"For example, I have a table ""example"" which has a column ""col1"" with string like below some example text here x2.0.3-a abc some other example text 1.5 abc another example text 0.1.4 mnp some other example text abc another example text mnp I want to select those rows that matches a regular expression. I want the regular expression something like this any string.any string.any string space abc/mnp or any string.any string space abc/mnp that is the regular expression should match two or three dots,",sql|regex|oracle-database,初审完成，待第二人复核,相关但不重复,Codex机器辅助初审,同簇高相似困难负例初审,共享错误码或多个核心术语，但具体输入、环境或解决目标不同；需第二位人工标注者复核。,0.424976,23,23,1,0,相关但不重复,0.418717,23,23,1,1
A071,7839907,No more data to read from socket error,"We are using Oracle as the database for our Web application. The application runs well most of the time, but we get this ""No more data to read from socket"" error. Caused by: java.sql.SQLRecoverableException: No more data to read from socket at oracle.jdbc.driver.T4CMAREngine.unmarshalUB1(T4CMAREngine.java:1142) at oracle.jdbc.driver.T4CMAREngine.unmarshalSB1(T4CMAREngine.java:1099) at oracle.jdbc.driver.T4CTTIfun.receive(T4CTTIfun.java:288) at oracle.jdbc.driver.T4CTTIfun.doRPC(T4CTTIfun.java:19",oracle-database|hibernate|spring|jdbc,67598539,The DBMS driver exception was: No more data to read from socket,"If I keep below configuration in data source file then.. I am getting issue to deploy ear on WebLogic Failure occurred in the execution of deployment request with ID ""xyz"" for task ""1"" on [partition-name: DOMAIN]. Error is: ""weblogic.application.ModuleException: java.sql.SQLRecoverableException: No more data to read from socket"" weblogic.application.ModuleException: java.sql.SQLRecoverableException: No more data to read from socket <jdbc-connection-pool-params> <initial-capacity>10</initial-capa",sql|oracle-database|weblogic,初审完成，待第二人复核,相关但不重复,Codex机器辅助初审,同簇高相似困难负例初审,共享错误码或多个核心术语，但具体输入、环境或解决目标不同；需第二位人工标注者复核。,0.266930,2,0,0,0,相关但不重复,0.242756,2,0,0,0
A072,41771967,SQL command not properly ended with WHERE statement,"With this statement: SELECT CITY, LENGTH(CITY) FROM STATION ORDER BY LENGTH(CITY) WHERE ROWNUM = 1; why do I get this error: ERROR at line 1: ORA-00933: SQL command not properly ended SELECT CITY, LENGTH(CITY) FROM STATION ORDER BY LENGTH(CITY) WHERE ROWNUM = 1",sql|oracle-database,46244535,JDBC SQL command not properly ended,"Below is my jdbc Query: Connection con = DB_Connection.get_dbConnectionSingleTime(""TESTA2"", ""ao3652"", ""reset123"", ""Oracle""); String premium = ""Premiums""; String query = ""SELECT * FROM ELP_COUNTRY,ELP_COUNTRY_Tax where""+ ""ELP_COUNTRY.COUNTRY_ID=Elp_Country_Tax.Country_Id""+ ""and ELP_COUNTRY.DESCRIPTION=? and GETENGLISHDESCFROMLISTITEM(ELP_COUNTRY_TAX.TAX_TYPE_ID)=?""+ ""and ELP_COUNTRY_TAX.DEALER_ID is null order by ELP_COUNTRY_TAX.Effective_Date DESC""; //--------------------------------------------",oracle-database|jdbc,初审完成，待第二人复核,相关但不重复,Codex机器辅助初审,同簇高相似困难负例初审,共享错误码或多个核心术语，但具体输入、环境或解决目标不同；需第二位人工标注者复核。,0.278378,4,34,0,0,相关但不重复,0.339611,4,18,0,0
A073,13345621,SQLplus decode to execute scripts,"I am writing a script to be run in sqlplus 11. I have a user defined variable called compression. If this is true then I want to run the script CreateTablesCompression, otherwise run. I have the following: decode(compression,'true',@@CreateTablesCompression,@@CreateTables); However,when I run this I am thrown the error: unknown command beginning ""decode... Am I missing something here, I can't see why SQLPlus wouldn't recognise decode?",oracle-database|sqlplus,13348269,Calling external script in .sql file with decisioning logic,": SQLplus decode to execute scripts I've looked all over and can't seem to find the answer to my question, but I'm relatively new to oracle, but well versed in database/SQL, so it may be a misunderstanding on my part. I am using Oracle .SQL files using a mix of PL/SQL and SQL*Plus in Linux (ubuntu) to fill out basic tables within a database, and I have a number of scripts that are being called from one ""master script"". So for example, I have a master script that's like: @folder1/script1.sql @fol",linux|oracle-database|plsql|sqlplus|oracle-sqldeveloper,初审完成，待第二人复核,重复,Codex机器辅助初审,Stack Overflow Possible Duplicate链接,原问题正文明确指向另一问题为Possible Duplicate。,0.261290,4,5,0,0,相关但不重复,0.265776,4,5,0,0
A074,22354101,how to convert a string to a date format and then convert it back into a date in oracle,"I need to convert a string that is of format ( YYYY-MM-DD HH24:MI:SS ) to date format( DD-MON-RR ). After this I have to again convert it back to a string format( MM/DD/YYYY ). I have done this using the below Query SELECT to_char(to_date('string to be converted','YYYY-MM-DD HH24:MI:SS'),'MM/DD/YYYY') FROM table_name But I am getting an error like ORA-01841: (full) year must be between -4713 and +9999, and not be 0 01841. 00000 - ""(full) year must be between -4713 and +9999, and not be 0"" *Cause",oracle-database,68210234,Convert date in string format to datetime format in oracle sql,"My date column values are in the string format and shows values like '44370.4087037037','44370.4087384259'. Whereas I want them to be in MM/DD/YYYY HH:MM format. I have to enter it to a database in Oracle. My query is - INSERT ALL INTO TABLE1 (NAME, DATE_COL) VALUES ('ABC' , '44370.4087037037') INTO TABLE1 (NAME, DATE_COL) VALUES ('XYZ' , '44370.4087384259') SELECT * FROM DUAL; How should I convert it? I tried TO_DATE, convert, cast - didn't work It gives an error - [Error] Execution (5: 23): OR",sql|database|oracle-database,初审完成，待第二人复核,相关但不重复,Codex机器辅助初审,同簇高相似困难负例初审,共享错误码或多个核心术语，但具体输入、环境或解决目标不同；需第二位人工标注者复核。,0.397333,39,39,1,0,相关但不重复,0.390908,39,39,1,1
A075,46244535,JDBC SQL command not properly ended,"Below is my jdbc Query: Connection con = DB_Connection.get_dbConnectionSingleTime(""TESTA2"", ""ao3652"", ""reset123"", ""Oracle""); String premium = ""Premiums""; String query = ""SELECT * FROM ELP_COUNTRY,ELP_COUNTRY_Tax where""+ ""ELP_COUNTRY.COUNTRY_ID=Elp_Country_Tax.Country_Id""+ ""and ELP_COUNTRY.DESCRIPTION=? and GETENGLISHDESCFROMLISTITEM(ELP_COUNTRY_TAX.TAX_TYPE_ID)=?""+ ""and ELP_COUNTRY_TAX.DEALER_ID is null order by ELP_COUNTRY_TAX.Effective_Date DESC""; //--------------------------------------------",oracle-database|jdbc,48780903,"'limit' clause in Oracle SQL ""SQL command not properly ended""","I know that questions related to 'limit' have been asked before here, and I have already referred to them. My question is somewhat different. Here's my query: select id,somecol from sometable where someval=2 order by id desc limit 3 I'm getting an error saying 'SQL command not properly ended'. How do I resolve this? If you need additional information, feel free to tell me so.",sql|oracle-database|limit,初审完成，待第二人复核,相关但不重复,Codex机器辅助初审,同簇高相似困难负例初审,共享错误码或多个核心术语，但具体输入、环境或解决目标不同；需第二位人工标注者复核。,0.284702,34,4,0,0,相关但不重复,0.333600,18,4,0,0
A076,19534233,single-row subquery returns more than one row - No update or insert,"I have written the following script SELECT vil.account_id , vil.imp_id, vil.owner , vil.start_date, CASE WHEN ac.status = 4 THEN status_date ELSE NULL END AS Live_date, cs.country_code FROM ACCOUNT ac INNER JOIN vu_imp_list vil ON vil.account_id = ac.account_id INNER JOIN entity e ON ac.entity_id = e.entity_id INNER JOIN country_specifics cs ON e.country_id = cs.country_id WHERE (vil.account_id, vil.start_date) = (SELECT vils.account_id, MIN(vils.start_date) FROM vu_imp_list vils WHERE vil.accou",sql|oracle-database|oracle10g,67481236,ORA-01427: single-row subquery returns more than one row in oracle,"I am facing an issue while fetching records from Oracle db. ORA-01427: single-row subquery returns more than one row. Here is my Query. I want to get a column value from the first query and pass that value to the next query. The code works fine for a small date range but with the range of 1 month it throwing an error. Any help would be appreciated. SELECT DISTINCT div.id, div.name div, sa.name sales_area, stations.name station, stations.station_type, stations.outlet_code, stations.id AS sid, mqi",oracle-database,初审完成，待第二人复核,相关但不重复,Codex机器辅助初审,同簇高相似困难负例初审,共享错误码或多个核心术语，但具体输入、环境或解决目标不同；需第二位人工标注者复核。,0.300147,32,6,0,0,相关但不重复,0.351339,32,6,0,0
A077,148648,"Oracle: is there a tool to trace queries, like Profiler for SQL Server?","I work with SQL Server, but I must migrate to an application with Oracle DB. For tracing my application queries in SQL Server I use the Profiler tool. Is there something equivalent for Oracle?",sql-server|oracle-database|profiler,3706426,Sql vs Oracle - profiler,": Oracle: is there a tool to trace queries, like Profiler for sql server? Is there any option in Oracle like Sql profiler to trace the query running in the backend",oracle-database,初审完成，待第二人复核,重复,Codex机器辅助初审,Stack Overflow Possible Duplicate链接,原问题正文明确指向另一问题为Possible Duplicate。,0.689554,15,15,1,1,重复,0.662427,15,15,1,1
A078,17420372,How to call oracle function using Mono?,"Working with Mono I needed to call a function in an oracle database. The function has two input parameters and one output parameter. At first I tested with .Net runtime. The following pretty simple code did the job: var dbcon = new OracleConnection(""my connection string""); dbcon.Open(); OracleCommand cmd = dbcon.CreateCommand(); cmd.CommandType = CommandType.StoredProcedure; cmd.CommandText = ""my_pkg.my_func""; OracleParameter p = new OracleParameter(""ReturnValue"", OracleType.Number); p.Direction",c#|linux|oracle-database|mono,41220423,Call an oracle function from c#,"i have a function in oracle with this signature test_fun(p_nat_no in number,p_number_type in number) RETURN test_table in the c# this is the code string select = ""test_fun""; using (OracleConnection connection = new OracleConnection(helper.Global.ConnectionString)) { OracleCommand command = new OracleCommand(select, connection); // command.CommandType = CommandType.StoredProcedure; OracleParameter PrmnatNo = new OracleParameter(""p_nat_no "", natNo);//natNo command.Parameters.Add(PrmnatNo); OracleP",c#|asp.net|.net|oracle-database,初审完成，待第二人复核,相关但不重复,Codex机器辅助初审,同簇高相似困难负例初审,共享错误码或多个核心术语，但具体输入、环境或解决目标不同；需第二位人工标注者复核。,0.359101,9,9,1,0,相关但不重复,0.419076,9,9,1,1
A079,3090505,Oracle Multiple update Query,"I have two tables like the below one in my DB. In the first table ITEM for evry DEPARTMENT_CODE there will be multiple ITEM_CODE. ITEM ---------------------------------------------------- ""STORE_CODE"" ""ITEM_CODE"" ""DEPARTMENT_CODE"" ""011"" ""912003"" ""14"" ""011"" ""912004"" ""14"" ""011"" ""914001"" ""14"" ---------------------------------------------------- COMPETITOR -------------------------------------------------------------- ""STORE_CODE"" ""ITEM_CODE"" ""DEPARTMENT_CODE"" ""COMPETITOR_CODE"" ""011"" ""912003"" ""14"" """,sql|oracle-database|plsql,3098973,oracle update query,": Oracle Multiple update Query I have a query Select item_code,comp_code from item; which returns item_code, comp_code 912001 01 912001 04 912002 01 912002 02 912002 03 912003 01 and i have three values for comp_code for each item. suppose comp_1,comp_2,comp_3 now i want to update the table with each item code will have these three values. ie, there will be three entry for each item with comp_code value as comp_1,comp_2,comp_3 like below o/p item_code, comp_code 912001 comp_1 912001 comp_2 91200",oracle-database,初审完成，待第二人复核,重复,Codex机器辅助初审,Stack Overflow Possible Duplicate链接,原问题正文明确指向另一问题为Possible Duplicate。,0.735963,11,11,1,1,重复,0.724212,11,11,1,1
A080,12354958,call oracle function inside where clause,": Is there a function to split a string in plsql? I have following oracle function create or replace function FUN_CUSTID(t in varchar2) RETURN VARCHAR2 IS TYPE str_array2 IS TABLE OF VARCHAR2(100); v_names str_array2; v_condition varchar2(1000); BEGIN v_condition := '('; select REGEXP_SUBSTR(t, '[^ ,]+', 1, rownum) bulk collect into v_names from DUAL connect by level <= length (regexp_replace(t, '[^ ,]+')) + 1; FOR indx in v_names.FIRST..v_names.LAST LOOP if (indx = v_names.LAST) then v_conditio",database|oracle-database,3710589,Is there a function to split a string in Oracle PL/SQL?,"I need to write a procedure to normalize a record that have multiple tokens concatenated by one char. I need to obtain these tokens splitting the string and insert each one as a new record in a table. Does Oracle have something like a ""split"" function?",string|oracle-database|plsql|split|tokenize,初审完成，待第二人复核,重复,Codex机器辅助初审,Stack Overflow Possible Duplicate链接,原问题正文明确指向另一问题为Possible Duplicate。,0.171727,17,28,0,0,相关但不重复,0.172590,9,28,0,0
A081,12250323,sql: Aggregate / gather strings within one column (with a single query),": Is there an Oracle SQL query that aggregates multiple rows into one row? Fast way to generate concatenated strings in Oracle An oracle sql newbie question i have a following table: id1 A id1 B id1 C id1 A id2 A id3 B id3 A What I want to get id1 A,B,C id2 A id3 B,A I cannot use loops, i have to get it with just a query I use an Oracle DB v10 (I know it's important because of this ).",sql|oracle-database,7531001,Fast way to generate concatenated strings in Oracle,"Don't we hate when evil coding comes back to haunt? Some time ago I needed to generate a string concatenating some fields for some more processing later. I thought it would be a good idea to do if straight in the query, and used SO's help to get it. It worked. For a while... The table got to big and now that trick (which I know is super inefficient) is not exactly viable. This what I'm doing: with my_tabe as ( select 'user1' as usrid, '1' as prodcode from dual union select 'user1' as usrid, '2' ",sql|string|oracle-database|connect-by,初审完成，待第二人复核,重复,Codex机器辅助初审,Stack Overflow Possible Duplicate链接,原问题正文明确指向另一问题为Possible Duplicate。,0.181522,12,37,0,0,相关但不重复,0.177958,12,37,0,0
A082,10152623,ora-30926 error,": ORA-30926: unable to get a stable set of rows in the source tables I am trying to execute the following merge statement but is is showing me ora-30926 error merge into test_output target_table USING (SELECT c.test_code, c.v_report_id, upper_score, CASE WHEN c.test_code = 1 THEN b.mean_diff WHEN c.test_code = 2 THEN b.norm_dist WHEN c.test_code = 3 THEN b.ks_stats WHEN c.test_code = 4 THEN b.ginni WHEN c.test_code = 5 THEN b.auroc WHEN c.test_code = 6 THEN b.info_stats WHEN c.test_code = 7 THEN",sql|oracle-database|merge,2337271,ORA-30926: unable to get a stable set of rows in the source tables,"I am getting ORA-30926: unable to get a stable set of rows in the source tables in the following query: MERGE INTO table_1 a USING (SELECT a.ROWID row_id, 'Y' FROM table_1 a ,table_2 b ,table_3 c WHERE a.mbr = c.mbr AND b.head = c.head AND b.type_of_action <> '6') src ON ( a.ROWID = src.row_id ) WHEN MATCHED THEN UPDATE SET in_correct = 'Y'; I've ran table_1 it has data and also I've ran the inside query ( src ) which also has data. Why would this error come and how can it be resolved?",oracle-database|sql-merge,初审完成，待第二人复核,重复,Codex机器辅助初审,Stack Overflow Possible Duplicate链接,原问题正文明确指向另一问题为Possible Duplicate。,0.510325,2,0,0,0,相关但不重复,0.555887,2,0,0,0
A083,36042456,How to automate SQL queries with a txt file input?,"I am trying to make a small script in order to automate the deletion of some rows in a table. Basically I would like a the script to read information from a txt file that contains the rows to be deleted and then they are automatically added to the query. For example the text file will have two columns, 0900209N 0910609S 0900210N 0910610S and then these are added to the below code and FLD_LOCATION_LABEL >= '0900210N' and FLD_LOCATION_LABEL <= '0910610S' . select count(*),test_storage,TEST_PRIMARY",sql|oracle-database,68135468,How to convert Unix timestamp to local date in Oracle?,"Internet, Please help! I am using Oracle DB v 12c, where invoice issuing time is stored as unix timestamp in column of type NUMBER + there is also a VARCHAR2(128) column, which defines the timezone where the invoice was issued, eg 'Europe/London'. So invoices issued on local date '2020-10-10' can be queried like this: SELECT inv.invoiceID FROM invoices inv WHERE TO_CHAR( FROM_TZ(timestamp '1970-01-01 00:00:00' + NUMTODSINTERVAL(inv.INVOICETIME, 'SECOND'), 'UTC') AT TIME ZONE inv.timezoneName, 'Y",oracle-database|timezone|unix-timestamp,初审完成，待第二人复核,不相关,Codex机器辅助初审,跨簇低相似保守负例初审,来自不同基线簇且无共享核心标题词；需第二位人工标注者复核。,0.013271,23,39,0,0,不相关,0.011511,23,39,0,0
A084,22955263,Java Oracle Database Connection,This is the exception i am getting: D:\Programming\Java\bin>JAVAC Demo.java D:\Programming\Java\bin>java Demo Error: Could not find or load main class Demo D:\Programming\Java\bin>java -cp . Demo Exception Born java.lang.ClassNotFoundException: oracle.jdbc.driver.OracleDrive r java.lang.ClassNotFoundException: oracle.jdbc.driver.OracleDriver at java.net.URLClassLoader$1.run(URLClassLoader.java:366) at java.net.URLClassLoader$1.run(URLClassLoader.java:355) at java.security.AccessController.doPriv,java|sql|oracle-database|jdbc,5265802,Oracle 10g express GUI client?,Are there any free Oracle 10g express GUI clients? I'd be looking for an app that has similar functionality to phpMyAdmin.,oracle-database|user-interface|ubuntu|oracle-xe|database-administration,初审完成，待第二人复核,不相关,Codex机器辅助初审,跨簇低相似保守负例初审,来自不同基线簇且无共享核心标题词；需第二位人工标注者复核。,0.017096,18,40,0,0,不相关,0.021555,18,40,0,0
A085,11090140,Oracle SQL to roll up counts into ranges,": Oracle: how to “group by” over a range? Let's say I have data that looks like this: Item Count ======== ======== 1 123 2 1 3 47 4 117 5 18 6 466 7 202 I want to create a query that gives me this: Count Start Count End Occurrences =========== =========== =========== 0 100 3 101 200 2 201 300 1 301 400 0 401 500 1 Basically, I want to take a bunch of counts and group them into ranges for statistical rollups. I don't think I'm using the right keywords to find the answer to this. I am going agains",sql|oracle-database,2483140,"Oracle: how to ""group by"" over a range?","If I have a table like this: pkey age ---- --- 1 8 2 5 3 12 4 12 5 22 I can ""group by"" to get a count of each age. select age,count(*) n from tbl group by age; age n --- - 5 1 8 1 12 2 22 1 What query can I use to group by age ranges? age n ----- - 1-10 2 11-20 2 20+ 1 I'm on 10gR2, but I'd be interested in any 11g-specific approaches as well.",sql|oracle-database|plsql|oracle10g,初审完成，待第二人复核,重复,Codex机器辅助初审,Stack Overflow Possible Duplicate链接,原问题正文明确指向另一问题为Possible Duplicate。,0.257304,48,12,0,0,相关但不重复,0.248291,48,12,0,0
A086,19599267,returning table.column in a SQL select statement,"I want my sql query to return the projection as table.column instead of just column. For example select deal.deal_id from deal where deal.deal_id= '1'; What it returns is DEAL_ID ------- 1 What I want is: DEAL.DEAL_ID ------------ 1 How can I accomplish that, without using AS or the Oracle quote operator?",sql|oracle-database,27965130,"How to SELECT Column, * FROM TABLE in Oracle?","I am creating a lot of scripts, and sometimes to check that the tables are being updated as I need, I write on the fly several SELECT statements. In SQL SERVER you can write something like: SELECT Column1, * FROM MY_TABLE This is useful for visibility reasons, however that doesn't seem to work in ORACLE and I don't know how to achieve it, other than writing down all the Column Names manually. How can you do this in oracle? I know we shouldn't include a query like this in our production scripts, ",sql|oracle-database,初审完成，待第二人复核,相关但不重复,Codex机器辅助初审,同簇高相似困难负例初审,共享错误码或多个核心术语，但具体输入、环境或解决目标不同；需第二位人工标注者复核。,0.132749,37,4,0,0,不相关,0.052762,6,4,0,0
A087,29512791,Oracle: Is materialized view fast refresh atomic?,"I have read quite a lot for past few hours about refreshing MV in Oracle, but I cannot still find an answer to my question. Imagine I have a MV view on top of a table with change logs. So that there are three records in this MV: COL_ID, COL1 1, ""OLD"" 2, ""OLD"" 3, ""OLD"" Now let's say the value for COL1 has changed to ""EDITED"" for record 1 in the table used to create MV. I want to perform fast , in-place refresh to update MV as fast as possible. In real life example with around 50M records, this wo",oracle-database|atomic|materialized-views,6999958,Oracle - Materialized View still accessible during complete refresh. How does this work?,"In one of our applications, we have a massive Materialized View that refreshes three times a day, and takes seven hours to refresh. (Not ideal, I know). This perplexed me, because I surely thought that users and sessions could not access this materialized view while it was being refreshed, but apparently they can!. (The type of refresh is a complete refresh) During a complete refresh, to my understanding, the existing dataset is dropped and the query is then re-executed. If this is true, then ho",oracle-database|oracle10g|materialized-views,初审完成，待第二人复核,重复,Codex机器辅助初审,Stack Overflow Possible Duplicate链接,原问题正文明确指向另一问题为Possible Duplicate。,0.253136,0,0,1,0,相关但不重复,0.246125,0,0,1,1
A088,26929148,Using Alias While Concating Columns And Running Query Through A Java Program,"I want to concat two columns and use an alias for the columns while querying. The query is something like this: select distinct T1.*, T1.FieldA || ',' || FieldB from table1 T1 join ( select FieldA || ',' || FieldB as criteria from table2 where create_dateTime >= to_timestamp('10-NOV-14 01.01.01.000000000 PM','DD-MON-RR HH.MI.SS.FF AM') and create_dateTime <= to_timestamp('19-NOV-14 01.01.01.000000000 PM','DD-MON-RR HH.MI.SS.FF AM')) T2 on (T1.FieldA || ',' || FieldB = T2.criteria) ORDER BY T1.Fi",java|mysql|oracle-database,39916617,oracle call procedure in a cursor loop,I have the following SELECT statement: SELECT AUDITORID FROM SOL.GROUPS WHERE STATUS = 1; I need for each AUDITORID that returns the statemnet to call the procedure INSERT_LD_PER_AUDITOR (VAUDITORID) how to do that?,oracle-database|plsql,初审完成，待第二人复核,不相关,Codex机器辅助初审,跨簇低相似保守负例初审,来自不同基线簇且无共享核心标题词；需第二位人工标注者复核。,0.012618,37,17,0,0,不相关,0.014629,11,17,0,0
A089,11298519,Update or Insert based on the value of a column in the table,": Oracle: how to UPSERT (update or insert into a table?) Could you guys give me an suggestion on how to proceed in the below situation: Read table 2 column 1 if value says the record exists in table 1 update table 1 record with table 2 record details else(value says the record does not exist in table 1) insert table 1 record with table 2 record details I am beginner to Oracle SQL, Please let me know if there is a better approach..I was thinking about using cursors to solve this..",sql|oracle-database,237327,How to UPSERT (update or insert into a table?),"The UPSERT operation either updates or inserts a row in a table, depending if the table already has a row that matches the data: if table t has a row exists that has key X: update t set mystuff... where mykey=X else insert into t mystuff... Since Oracle doesn't have a specific UPSERT statement, what's the best way to do this?",sql|oracle-database|merge|upsert,初审完成，待第二人复核,重复,Codex机器辅助初审,Stack Overflow Possible Duplicate链接,原问题正文明确指向另一问题为Possible Duplicate。,0.296422,25,25,1,0,相关但不重复,0.296793,25,25,1,1
A090,6616207,Oracle timestamp difference greater than X hours/days/months,I am trying to write a query to run on Oracle database. The table ActionTable contains actionStartTime and actionEndTime columns. I need to find out which action took longer than 1 hour to complete. actionStartTime and actionEndTime are of timestamp type I have a query which gives me the time taken for each action: select (actionEndTime - actionStartTime) actionDuration from ActionTable What would be my where clause that would return only actions that took longer than 1 hour to finish?,sql|oracle-database|timestamp,756065,Why would a database trigger be invalid in an oracle DB?,"I've created a trigger manually (By pasting the SQL from another oracle db into the management console) which auto increments the primary key of a table and when I look at the trigger in the object browser The trigger is listed as invalid. Why would this be the case? Here is the SQL that recreates the trigger: CREATE OR REPLACE TRIGGER ""BI_AGENTEVENTDATA"" before insert on ""AGENTEVENTDATA"" for each row begin select ""AGENTEVENTDATA_SEQ"".nextval into :NEW.ID from dual; end; ; / ALTER TRIGGER ""BI_AG",oracle-database|triggers,初审完成，待第二人复核,不相关,Codex机器辅助初审,跨簇低相似保守负例初审,来自不同基线簇且无共享核心标题词；需第二位人工标注者复核。,0.016357,3,44,0,0,不相关,0.015830,3,44,0,0
A091,30356182,Toad for oracle -- ORA-12514:TNS:listener does not currently know of service requested in connect descriptor,"I'm getting this error when connecting with Toad for Oracle. ORA-12514: TNS:listener does not currently know of service requested in connect descriptor Items Checked TNS_ADMIN environment variable is defined as ""D:\app\oracle\product\12.1.0\client_1\Network\Admin"" D:\app\oracle\product\12.1.0\client_1\Network\Admin\tnsnames.ora was located The following connect descriptor was found for OCP36T in the tnsnames.ora file ocp36t = (DESCRIPTION = (ADDRESS = (PROTOCOL = TCP)(HOST = lx-cpora-t01k.lmig.c",oracle-database|toad,59076980,"Error while connecting to Oracle, TNS:listener does not currently know of service requested in connect descriptor ASP.NET","My problem is when I try to make a connection to an Oracle 9i database, when I put the connection string it marks me ""TNS: listener does not currently know of service requested in connect descriptor"" . I found in a forum a similar error and says that the change the SERVICE_NAME for the SID, make the change but now it marks me that ""INVALID USERNAME / PASSWORD; LOGON DENIED"" . This is the foro: Error While connecting to Oracle, TNS:listener does not currently know of service requested in connect ",asp.net|asp.net-mvc|oracle-database,初审完成，待第二人复核,相关但不重复,Codex机器辅助初审,同簇高相似困难负例初审,共享错误码或多个核心术语，但具体输入、环境或解决目标不同；需第二位人工标注者复核。,0.396714,20,20,1,0,相关但不重复,0.439173,20,20,1,1
A092,7670290,TNS:listener does not currently know of service requested in connect descriptor,I get ORA-12514:TNS:listener does not currently know of service requested in connect descriptor when running my application yet I can connect to the database via server explorer in visual studio. Where does the application look (when published) to get the information required to connect to the database? The connection string used by our application is correct.,asp.net|oracle-database,59076980,"Error while connecting to Oracle, TNS:listener does not currently know of service requested in connect descriptor ASP.NET","My problem is when I try to make a connection to an Oracle 9i database, when I put the connection string it marks me ""TNS: listener does not currently know of service requested in connect descriptor"" . I found in a forum a similar error and says that the change the SERVICE_NAME for the SID, make the change but now it marks me that ""INVALID USERNAME / PASSWORD; LOGON DENIED"" . This is the foro: Error While connecting to Oracle, TNS:listener does not currently know of service requested in connect ",asp.net|asp.net-mvc|oracle-database,初审完成，待第二人复核,相关但不重复,Codex机器辅助初审,同簇高相似困难负例初审,共享错误码或多个核心术语，但具体输入、环境或解决目标不同；需第二位人工标注者复核。,0.493178,20,20,1,0,相关但不重复,0.505222,20,20,1,1
A093,19691843,EF + ODP.NET: The specified value is not an instance of type 'Edm.Decimal',"I am using Oracle's managed ODP.NET client with Entity Framework . It's working fine. However I am having different behaviours in different servers. I am pretty sure it has something to do with DLL versions, but I could not find any differences so far. I have these tables: create table parent ( parent_id number primary_key, data varchar2(100) ); create table child ( child_id number primary key, parent_id number references parent(parent_id) ); And these entities: public class Parent { Int32 Id { ",oracle-database|entity-framework|entity-framework-4|odp.net|odp.net-managed,59963358,Oracle trigger create with case statement,"I've got a problem with creating trigger in oracle, I have a table ""stock"". And I have fields ""xxx"" ,""yyy"" and ""zzz"". I'd like to make a trigger which can fill the another field on this ""stock"" table just after insert or update. I've tired something like that but I couldn't. create or replace Trigger Connector_Stock_Trg AFTER INSERT OR UPDATE OF xxx,yyy,zzz ON STOCK For Each Row Declare L_Temp VARCHAR2(64); BEGIN L_Temp := Case When Xxx Is Not Null Then Xxx When yyy Is Not Null And zzz Is Not Nu",oracle-database|plsql|database-trigger,初审完成，待第二人复核,不相关,Codex机器辅助初审,跨簇低相似保守负例初审,来自不同基线簇且无共享核心标题词；需第二位人工标注者复核。,0.054385,41,44,0,0,不相关,0.056389,41,49,0,0
A094,3064011,How can I connect PHP 5.1 to Oracle 7?,"I have been able to query newer Oracle databases using the PHP oci8 extension with the Oracle 10.2 Instant Client. Unfortunately, the Oracle Instant Client seems to be unable to connect to an Oracle 7 database (version 7.3.3 to be precise). Is there a way to query an older Oracle database from PHP?",php|oracle-database|oci8,39915860,Connect php with oracle 10g,"I'm trying to get data from oracle using php. But I have a problem happen when connect php with oracle my code is: <?php/> // Create connection to Oracle $conn = oci_connect(""sys as sysdba"", ""orcl"", ""//desktop-jhc9gq7:1158/orcl1""); if (!$conn) { $m = oci_error(); echo $m['message'], ""\n""; exit; } else { print ""Connected to Oracle!""; } // Close the Oracle connection oci_close($conn); ?> But I have a problem : ORA-12569: TNS:packet checksum failure What is the problem here? plz help me thanks in a",php|oracle-database,初审完成，待第二人复核,相关但不重复,Codex机器辅助初审,同簇高相似困难负例初审,共享错误码或多个核心术语，但具体输入、环境或解决目标不同；需第二位人工标注者复核。,0.337999,40,18,0,0,相关但不重复,0.331138,40,20,0,0
A095,12758623,Oracle DB performance,": What resources exist for Database performance-tuning? Can someone please suggest diagnostics steps for what caused oracle slow performance? My application uses Oracle DB and it is cool most of the time, I sometime receive emails saying that application is extremely slow but by the time I login and check everything would be good. I am wondering is there a way to check history (say some log file ) behind this performance issues. If something is happening currently then I am aware to check locks ",oracle-database|database-performance,761204,What resources exist for Database performance-tuning?,"What good resources exist for understanding database tuning on the major engines and advancing your knowledge in that area? The idea of this question is to collect the shed load of resources that invariably exist, so that people can have a ""one stop"" knowledge shop of the good, peer approved resources. General SQL Book: SQL Performance Tuning Book: SQL Tuning Book: The Art of SQL Book: Refactoring SQL Applications Book: Database tuning: principles, experiments, and troubleshooting techniques Use",mysql|sql-server|database|oracle-database|postgresql,初审完成，待第二人复核,重复,Codex机器辅助初审,Stack Overflow Possible Duplicate链接,原问题正文明确指向另一问题为Possible Duplicate。,0.251997,4,4,1,0,相关但不重复,0.239689,4,4,1,1
A096,6217865,Auto increment in Oracle package,"I am trying to use autoincrement on my package without using trigger.. Can someone explain me how I have to use it in my package.. I did this way didnt work its complaining abt variable not being declared or type not assigned.. I saw other autoincrement questions but nobody has used auto increment without trigger on package PROCEDURE insertExample ( user_id_in IN sample.seq_user_id.nextval, name_in IN sample.name%TYPE, age_in IN sample.age%TYPE ) IS BEGIN INSERT INTO sample (seq_user_id.nextval,",oracle-database|package|auto-increment,77421221,Oracle format String output from Aggregate Collect function,"Below is my working Oracle query- -- User-Defined TYPE create or replace TYPE varchar2_ntt AS TABLE OF VARCHAR2(4000); -- This works select emp.DEPT_NAME, CAST( COLLECT(emp.EMP_ID || ':' || emp.EMP_JOIN_DATE) AS varchar2_ntt) AS EMPS from employee emp group by emp.DEPT_NAME; -- Output DEPT_NAME EMPS SALES TEST_DB.VARCHAR2_NTT('750127:20-JAN-23', '750228:20-JAN-23') FINANCE TEST_DB.VARCHAR2_NTT('548834:10-JAN-19', '802850:14-MAR-23', '802849:19-OCT-23') This output I want to format as below Outpu",oracle-database|string-aggregation,初审完成，待第二人复核,不相关,Codex机器辅助初审,跨簇低相似保守负例初审,来自不同基线簇且无共享核心标题词；需第二位人工标注者复核。,0.040951,7,12,0,0,不相关,0.048596,7,12,0,0
A097,28518507,Exception block in PLSQL exiting the block,I am using the following code block to update my front end segment. But when i am compiling this DECLARE p_person_id NUMBER := NULL; p_business_group_id NUMBER; p_id_flex_num NUMBER; ------------------ p_analysis_criteria_id NUMBER := NULL; p_person_analysis_id NUMBER := NULL; p_per_object_version_number NUMBER := NULL; v_err VARCHAR2 (1000) := NULL; p_medical_id VARCHAR2 (100) := NULL; BEGIN FOR i IN (SELECT * FROM xx_hr_upload_master_data_new WHERE person_id IS NOT NULL AND business_group_id I,oracle-database|api|plsql|plsqldeveloper,68076707,Insert values in table for all distinct value of certain column,"I have table structure like this Column 1 Column 2 Column 3 3 Apple sweet 4 Mango sweet 4 Apple sour 3 Mango sweet 3 Grapes sweet 4 Grapes sweet I want to insert a row for all distinct Column1 value, where other two column value remains same. Like if i have to insert value Banana,sweet. It should be inserted for all distinct column 1 value at once. Any idea will be helpful.",sql|oracle-database,初审完成，待第二人复核,不相关,Codex机器辅助初审,跨簇低相似保守负例初审,来自不同基线簇且无共享核心标题词；需第二位人工标注者复核。,0.026541,33,7,0,0,不相关,0.031322,3,7,0,0
A098,5628961,Oracle and Left Outer Join,"I am confused about this Hibernate generated Oracle Sql. There is one user in the database, but they don't have any badges, but I am doing a left outer join on everything. So the user should come back everytime, regardless of them having a badge. If I remove these lines, then it pulls back the user. Isn't left outer join suppose to bring someone back no matter what? AND b4_.ACTIVE=1 AND B4_.STATUS='A' AND UB2_.VISIBLE=1 and bl3_.ACTIVE=1 Hibernate Sql Ran In Sql Developer select this_.ID as ID0_",sql|oracle-database|hibernate|left-join,20547503,Left outer join on aggregate queries,"So I have two payment tables that I want to compare in a Oracle SQL DB. I want to compare the the total payments using the location and invoice and total payments. It's more comlex then this but basically it is: select tbl1.location, tbl1.invoice, Sum(tbl1.payments), Sum(tbl2.payments) From tbl1 left outer join tbl2 on tbl1.location = tbl2.location and tbl1.invoice = tbl2.invoice group by (tbl1.location,tbl1.invoice) I want the left outer join because in addition to comparing payment amounts, I ",sql|oracle-database|aggregate|cartesian,初审完成，待第二人复核,相关但不重复,Codex机器辅助初审,同簇高相似困难负例初审,共享错误码或多个核心术语，但具体输入、环境或解决目标不同；需第二位人工标注者复核。,0.202399,33,48,0,0,相关但不重复,0.328925,36,48,0,0
A099,39102480,select count by value,"Given a table messages with the following fields: id | Number customer_id | Number source | VARCHAR2 ... I want to know how many messages each customer has, but I want to differentiate between messages where source equals to 'xml' and all other sources. My query so far SELECT customer_id, case when source = 'xml' then 'xml' else 'manual' end as xml, count(*) FROM MESSAGES GROUP BY customer_id, case when source = 'xml' then 'xml' else 'manual' end; which gives me a result similar to this: custome",sql|oracle-database,51988121,How to Select the Max Value after a Count in Oracle?,"I have a query: SELECT CST_CON_ID as ID_USER, X_TYPE_FOURTH_LVL as ELEMENT_TYPE, COUNT(X_TYPE_FOURTH_LVL) as T_REPEAT FROM SIEBEL.S_SRV_REQ GROUP BY CST_CON_ID, X_TYPE_FOURTH_LVL ORDER BY CST_CON_ID; Which returns the following information when run: ID_USER ELEMENT_TYPE T_REPEAT 1-1HQR-1380 REPOSITION 3 1-1HQR-1380 CANCELED 4 1-1HQR-1380 INFORMATION 1 1-1HQR-1380 SELLS 90 1-1HQR-1380 PROMOTIONS 3 1-1HQR-1380 ACCOUNTS 5 1-1HQR-1250 ACTIONS 34 1-1HQR-1250 PROG 60 1-1HQR-1250 INFORMATION 3 1-1HQR-1",sql|oracle-database|oracle11g,初审完成，待第二人复核,相关但不重复,Codex机器辅助初审,同簇高相似困难负例初审,共享错误码或多个核心术语，但具体输入、环境或解决目标不同；需第二位人工标注者复核。,0.181948,17,12,0,0,相关但不重复,0.182490,27,12,0,0
A100,15228339,Oracle regular expression,"I have below string of data,How to get number alone using oracle regular expression last two charcters is always either 'RC' or 'RN'.If number not found return 0. 1AEABCRC 1AEABC1RC 1AEABC1RN 1AEABC2RN",oracle-database|plsql|plsqldeveloper,29831610,Regular Expression - SPECIFICWORD_ANYWORD_ANYWORD_SPECIFICLETTER,"I am developing a solution at my work to check a number of database values in order to see if they match an specific format. I have been developing it using pure PL/SQL, but its getting overcomplicated and I believe that using regex is the simplest and most effective way. The expression that I need to match is: SPECIFICWORD_ANYWORD_ANYWORD_SPECIFICLETTER The first SPECIFICWORD is just APEX , followed by an underscore ( _ ), followed by any word, followed by an underscore ( _ ), followed by any w",regex|oracle-database,初审完成，待第二人复核,相关但不重复,Codex机器辅助初审,同簇高相似困难负例初审,共享错误码或多个核心术语，但具体输入、环境或解决目标不同；需第二位人工标注者复核。,0.279306,23,23,1,0,相关但不重复,0.271762,23,23,1,1
A101,50893245,"ORA-04091: table is mutating, trigger/function may not see it","What happen with my trigger command? I am getting the 'SQL Error: ORA-04091: table is mutating, trigger/function may not see it"" when i am updating the data in the table. Could someone please me? Error: One error saving changes to table ""WSPADMIN"".""WSP_T_REQ_MASTER"": Row 22: ORA-04091: table WSPADMIN.WSP_T_REQ_MASTER is mutating, trigger/function may not see it ORA-06512: at ""WSPADMIN.TG_AFTER_UPDATE_MASTER"", line 4 ORA-04088: error during execution of trigger 'WSPADMIN.TG_AFTER_UPDATE_MASTER' T",sql|oracle-database|plsql|triggers|database-trigger,68826243,"table -- is mutating, trigger/function may not see it error in oracle sql 11g","I want to create auto incrementing ID in my table which should have substrings and is padded. In order to do that, i created a sequence, function and a trigger as follows: create sequence account_number_seq START WITH 1 INCREMENT BY 1 NOCACHE; create or replace function reginfo_func return varchar2 is sub varchar2(20); begin select SUBSTR(Account_Type,1,2) || SUBSTR(FirstName,1,3) || RPAD(Account_Number_seq.nextval,10,'0') INTO sub from registeredinfo; return sub; end; create or replace trigger ",sql|oracle-database|plsql|oracle-sqldeveloper,初审完成，待第二人复核,相关但不重复,Codex机器辅助初审,同簇高相似困难负例初审,共享错误码或多个核心术语，但具体输入、环境或解决目标不同；需第二位人工标注者复核。,0.566039,44,44,1,1,重复,0.570784,44,44,1,1
A102,27879628,Error during trigger execution ORA-06512 And ORA-04088,"I have created a trigger so that the user can not enter a CRIME_NO if it doesn't exist in the CRIME table. which does work i do receive the 'Crime Number: '|| :new.CRIME_NO || ' not in the Crime table') error. However i also receive ORA-06512: at ""C3405016.EVIDENCE_FK"", line 8 ORA-04088: error during execution of trigger 'C3405016.EVIDENCE_FK' Create or replace trigger Evidence_fk before insert or update of CRIME_NO on Evidence for each row declare dummy integer; begin select count(*) into dummy",sql|oracle-database|triggers,65122311,Oracle 18 c trigger error sql ;error during execution of trigger,"The table is tied to itself A positive entry movement and a negative exit movement associate all of the positive movements with all of their negative movements With every new addition I want to Total all the negative movements of the positive movements When I try to enter a new value into the table, an error appears in the trigger, and I do not know the reason even though there are no errors in the SQL statements error during execution of trigger 'AMMAR.ITEMS_MOVE_DETAILl_TRIGGER create or repla",oracle-database|plsql,初审完成，待第二人复核,相关但不重复,Codex机器辅助初审,同簇高相似困难负例初审,共享错误码或多个核心术语，但具体输入、环境或解决目标不同；需第二位人工标注者复核。,0.438625,44,44,1,0,相关但不重复,0.404627,44,44,1,1
A103,42777272,How to get view modification date using SQL query?,I'm trying to log the state of views in my Oracle DB. For each view I want to get it's text and the last modification date. I successfully got view text by using the following query: select text from ALL_VIEWS where upper(view_name) like upper(<view_name>); In SQL Navigator I also can see the modification date for each view. Is it possible to get this date by SQL query?,sql|oracle-database|oracle11g,60353137,There is no 'app\oracle\products\...' folder in C drive,"I have downloaded Oracle SQL developer. When I try to create a new connection, it shows error as Status : Failure -Test failed: IO Error: The Network Adapter could not establish the connection. I tried default usernames and passwords such as SYS , SYSTEM and hr . But none of them worked. I tried setting all the environment variables properly. I tried to login through sqlplus. Nothing worked. Searched in system services, no services are present with name oracle or oracle services . There is no fo",oracle-database|oracle-sqldeveloper|sqlplus,初审完成，待第二人复核,不相关,Codex机器辅助初审,跨簇低相似保守负例初审,来自不同基线簇且无共享核心标题词；需第二位人工标注者复核。,0.010456,16,20,0,0,不相关,0.001820,23,20,0,0
A104,11122053,"New to Oracle, typing to retrieve data from two sets, compare and conditionally insert","I'm trying to build a query to grab all rows from Table 1, then check if a corresponding row exists in Table 2, and if so, pull some data, JOIN and insert into Table 3. This will make more sense in pseudocode - so here's what I'm trying to do, procedurally, I'm just not sure how to implement this in PL/SQL. For all rows in T1: For all rows in T2: if (T1.mycolumn - T2.othercolumn) > 0: INSERT INTO T3 (foo, bar) VALUES T1.foo, T2.bar Thanks!",sql|database|oracle-database,32787069,Grouping in Oracle Ignoring the NULL,"Hi I have the above table of data, I would like to group them into a single row ignoring NULL values, Any help on this greatly appreciated,",oracle-database,初审完成，待第二人复核,不相关,Codex机器辅助初审,跨簇低相似保守负例初审,来自不同基线簇且无共享核心标题词；需第二位人工标注者复核。,0.041052,25,35,0,0,不相关,0.047014,25,35,0,0
A105,16458527,Oracle missing keyword,"SQL like this: CREATE VIEW UOS_VU_COURSE_MODULES SELECT MODULE.MODULE_TITLE, STAFF.FIRST_NAME, STAFF.LAST_NAME, MODULE.SEMESTER, MODULE.CREDIT FROM STAFF, MODULE WHERE MODULE.COODINATOR_ID =STAFF.STAFF_ID AND COURSE.COURSE_ID=INFU101 AND COURSE.COURSE_ID=MGTU17 ORDER BY MODULE.MODULE_TITLE It appears ORA-00905: missing keyword.",oracle-database,35554017,Missing Keyword ORA-00905,"please tell me what is the syntax problem in this query SELECT sde FROM TABLE_EW sde , CASE_W spr, DOCUMENT swp JOIN swp.id, swp.YEAR ON (swp.id = sde.ID_DOCUMENT) JOIN spr.ID, spr.STATE, spr.NUMBER ON (spr.ID_DOCUMENT = swp.ID) WHERE sde.IDENT_TABLEEW LIKE '122337456464' AND swp.YEAR LIKE 2015; SQLDeleoper point problem to From Line",sql|oracle-database,初审完成，待第二人复核,相关但不重复,Codex机器辅助初审,同簇高相似困难负例初审,共享错误码或多个核心术语，但具体输入、环境或解决目标不同；需第二位人工标注者复核。,0.361156,33,6,0,0,相关但不重复,0.615140,0,30,0,0
A106,3713107,Split column to multiple rows,"I have table with a column that contains multiple values separated by comma (,) and would like to split it so I get earch Site on its own row but with the same Number in front. So my select would from this input table Sitetable Number Site 952240 2-78,2-89 952423 2-78,2-83,8-34 Create this output Number Site 952240 2-78 952240 2-89 952423 2-78 952423 2-83 952423 8-34 I found something that I thought would work but nope.. select Number, substr( Site, instr(','||Site,',',1,seq), instr(','||Site||'",sql|oracle-database|oracle10g|tokenize,8856934,How to generate Multi-row for each row in a table using SQL only,": Split column to multiple rows i have table contains the following data:- Name --------- mouse,keyboard,screen harddisk,cable processor I need to create query to retrieve the data from this table to be as follow:- Name -------- mouse keyboard screen harddisk cable processor",sql|oracle-database,初审完成，待第二人复核,重复,Codex机器辅助初审,Stack Overflow Possible Duplicate链接,原问题正文明确指向另一问题为Possible Duplicate。,0.148135,7,2,0,0,不相关,0.148527,7,31,0,0
A107,11892113,Creating new table with SELECT INTO in SQL,: SELECT INTO using Oracle I have came across SQL SELECT INTO statement for creating new table and also dumping old table records into new table in single SQL statement as SELECT * INTO NEW_TABLE FROM OLD_TABLE; But when i am trying the above query it is giving error as ORA-00905: missing keyword Is it possible to do that in ORACLE ? Thanks.,sql|oracle-database|select|create-table,2250196,SELECT INTO using Oracle,"I'm trying to do a SELECT INTO using Oracle. My query is: SELECT * INTO new_table FROM old_table; But I get the following error: SQL Error: ORA-00905: missing keyword 00905. 00000 - ""missing keyword"" Any ideas what's wrong? The Standard behavior of the above should be as I originally thought: However Oracle implemented it totally differently in their own dialect of SQL Oracle Docs on Insert ... Select",sql|oracle-database|ora-00905,初审完成，待第二人复核,重复,Codex机器辅助初审,Stack Overflow Possible Duplicate链接,原问题正文明确指向另一问题为Possible Duplicate。,0.358236,25,13,0,0,相关但不重复,0.345684,25,39,0,0
A108,1387917,ORA-01861: literal does not match format string,"When I try to execute this snippet: cmd.CommandText = ""SELECT alarm_id,definition_description,element_id, TO_CHAR (alarm_datetime, 'YYYY-MM-DD HH24:MI:SS'),severity, problem_text,status FROM aircom.alarms WHERE status = 1 and TO_DATE (alarm_datetime,'DD.MM.YYYY HH24:MI:SS') > TO_DATE ('07.09.2008 09:43:00', 'DD.MM.YYYY HH24:MI:SS') order by ALARM_DATETIME desc""; I get: ORA-01861: literal does not match format string There is no problem with database connection because I can execute basic SQL com",sql|oracle-database|oracle10g|ora-01861,13518506,Oracle - literal does not match format string error,": Simple Oracle query: literal does not match format string I am getting the following error: INSERT INTO CatalogueEntry VALUES('2001-12-10', 2, 14.99, 1, 0) ERROR at line 1: ORA-01861: literal does not match format string ` The first field is a DATE format. Any ideas? Thanks.",sql|database|oracle-database|date-format|ora-01861,初审完成，待第二人复核,相关但不重复,Codex机器辅助初审,同簇高相似困难负例初审,共享错误码或多个核心术语，但具体输入、环境或解决目标不同；需第二位人工标注者复核。,0.461482,45,45,1,0,相关但不重复,0.485500,45,45,1,1
A109,470542,How do I limit the number of rows returned by an Oracle query after ordering?,"Is there a way to make an Oracle query behave like it contains a MySQL limit clause? In MySQL, I can do this: select * from sometable order by name limit 20,10 to get the 21st to the 30th rows (skip the first 20, give the next 10). The rows are selected after the order by , so it really starts on the 20th name alphabetically. In Oracle, the only thing people mention is the rownum pseudo-column, but it is evaluated before order by , which means this: select * from sometable where rownum <= 10 ord",sql|oracle-database|pagination|sql-limit,5735600,"Oracle ""LIMIT n,m"" equivalent",": How do I limit the number of rows returned by an oracle query? I have this query select * from pr_device_reading order by date_reading DESC Note that this query is normalized, constructed by a method, and the table name will change according to the method's argument, so I can't specify the column names (and I do want all the columns in the result anyway). What is the equivalent of SELECT * FROM pr_lecture_combustibles ORDER BY date_lecture DESC LIMIT 10,20; using Oracle SQL? I have tried SELEC",mysql|sql|oracle-database,初审完成，待第二人复核,重复,Codex机器辅助初审,Stack Overflow Possible Duplicate链接,原问题正文明确指向另一问题为Possible Duplicate。,0.355175,34,4,0,0,相关但不重复,0.352742,34,4,0,0
A110,41745981,Using Concat Operator ( || ) the Integer Part of is not shown for floating numbers,When I am writing a SELECT query in Oracle using concat || operator to concatenate a decimal number and a string. Then for values that have integer part as zero is not shown. But when I am only selecting Number the Integer part is shown. My SQL Query Structure :- SELECT NUMBER_VAL || STRING_VAL FROM MY_TABLE; for E.g (selecting only Number):- SELECT 0.1 FROM DUAL; I am getting Result: 0.01 E.g (Selecting Number and String Concatenated) :- SELECT 0.01 || 'ABCD' FROM DUAL; I am Getting Result: .01,sql|oracle-database,55735031,Do I have to Get Connection and Close Connection every time I insert into the database?,"I just want to know if it is really necessary, in my java application, to call getConnection/closeConnection every time I want to insert into the database, or could I authenticate User/Pass at the beginning of the application and never call Connection again? //Conn class private static final String DRIVER = ""oracle.jdbc.driver.OracleDriver""; private static final String URL = ""jdbc:oracle:thin:@localhost:1521:XE""; private static final String USER = ""hr""; private static final String PASS = ""hr""; /",java|sql|oracle-database|oop,初审完成，待第二人复核,不相关,Codex机器辅助初审,跨簇低相似保守负例初审,来自不同基线簇且无共享核心标题词；需第二位人工标注者复核。,0.016163,35,18,0,0,不相关,0.011673,35,18,0,0
A111,6290422,Is an index clustered or unclustered in Oracle?,"How can I determine if an Oracle index is clustered or unclustered? I've done select FIELD from TABLE where rownum <100 where FIELD is the field on which is built the index. I have ordered tuples, but the result is wrong because the index is unclustered.",oracle-database|indexing,6308045,"index in oracle, clustered or unclustered",": Is an index clustered or unclustered in Oracle? i've a table with 3 imported key, there's an index for each of them, how can i verifity the type of index? If is it a clustered index (so the data pointed by index are ordered) or unclestered? thanks.",oracle-database|indexing|clustered-index,初审完成，待第二人复核,重复,Codex机器辅助初审,Stack Overflow Possible Duplicate链接,原问题正文明确指向另一问题为Possible Duplicate。,0.818930,19,19,1,1,重复,0.795466,19,19,1,1
A112,2019230,Use tnsnames.ora in Oracle SQL Developer,"I am evaluating Oracle SQL Developer . My tnsnames.ora is populated, and a tnsping to a connection defined in tnsnames.ora works fine. Still, SQL Developer does not display any connections. Oracle SQL Developer Soars mentions, that if you have Oracle client software and a tnsnames.ora file already installed on your machine, Oracle SQL Developer will automatically populate the Connections navigator from the net service names defined in tnsnames.ora. I also tried to set my TNS_ADMIN environment va",sql|oracle-database|tnsnames|oracle-sqldeveloper,40715825,Why I have to use tnsnames.ora in Oracle SQL Developer to connect some database,"when I log on some oracle database, I can connect without tnsnames.ora. However, when I try to log on some other database, it reject because of TNS:connection timeout. What is changed? What does TNS file do? Why I have to have this ora file? Thank you",oracle-database|oracle11g|oracle-sqldeveloper|tnsnames,初审完成，待第二人复核,相关但不重复,Codex机器辅助初审,同簇高相似困难负例初审,共享错误码或多个核心术语，但具体输入、环境或解决目标不同；需第二位人工标注者复核。,0.489103,20,20,1,0,相关但不重复,0.425609,4,20,0,0
A113,72123835,Getting Invalid Identifier error while passing the rowid to a ref cursor for data deletion,"I am getting the below error after executing the code given below : ""Error1: Inside Delete Block: ORA-00904 : ""AJAPPDAMEAAD6HPAAF"": invalid identifier"" Its not identifying the rowid value in the delete statement, the block is getting inside the refcursor and fetching the rowid for the table and then its not able to execute the delete statement for the same rowid, Please help me how to achieve this using rowid. Thanks In Advance... CREATE OR REPLACE PROCEDURE PROCESS_TEST (V_SCHEMA VARCHAR2, V_TA",oracle-database|plsql|oracle11g|sys-refcursor,7748559,"Does a ""union all"" materialized view take space?","Does a refresh fast on commit union all materialized view (in Oracle) copy all the underlying data, or does it just have a reference to it? If this materialized view does copy all the data is there anyway to do the following: create table3 as ( table1 union all table2 ); So that I can create indexes and materialized view logs on table3, and table 3 is just a reference to table 1 and table 2. The reason for this is I want put the following in a materialized view: create materialized view mat1 ref",sql|oracle-database|database-design|materialized-views,初审完成，待第二人复核,不相关,Codex机器辅助初审,跨簇低相似保守负例初审,来自不同基线簇且无共享核心标题词；需第二位人工标注者复核。,0.060022,17,16,0,0,不相关,0.043182,17,16,0,0
A114,40612696,Oracle Abort rollback transaction,"There is a long running transaction(MERGE statement of 100000000 rows) which update table CDM.MA_CONTACT. We decide to kill the session using ""alter system kill session"". But it takes a long time to rollback, I think, about 50 hours. So, I must to run some other merge statements but I cant do it, because table is locked. Can I abort this rollback or unlock this table?",oracle-database|merge|transactions|rollback,75991223,How do I rollback an Oracle Transaction?,"I’m trying to test an Oracle Transaction. I have a table like this: CREATE TABLE test ( id int PRIMARY KEY, data varchar(255) ); INSERT INTO test(id,data) VALUES(1,'apple'); INSERT INTO test(id,data) VALUES(2,'banana'); INSERT INTO test(id,data) VALUES(3,'cherry'); INSERT INTO test(id,data) VALUES(4,'date'); I wanted to see whether I could do a trial DELETE with this: -- Trial DELETE SET TRANSACTION READ WRITE; DELETE FROM test; SELECT * FROM test; ROLLBACK; -- Original Data SELECT * FROM test; ",oracle-database|transactions,初审完成，待第二人复核,相关但不重复,Codex机器辅助初审,同簇高相似困难负例初审,共享错误码或多个核心术语，但具体输入、环境或解决目标不同；需第二位人工标注者复核。,0.399873,2,2,1,0,相关但不重复,0.376435,2,2,1,1
A115,3552260,PLSQL JDBC: How to get last row ID?,"What's PLSQL (Oracle) equivalent of this SQL server snippet? BEGIN TRAN INSERT INTO mytable(content) VALUES (""test"") -- assume there's an ID column that is autoincrement SELECT @@IDENTITY COMMIT TRAN In C#, you can call myCommand.ExecuteScalar() to retrieve the ID of the new row. How can I insert a new row in Oracle, and have JDBC get a copy of the new id? EDIT: BalusC provided a very good starting point. For some reason JDBC doesn't like named parameter binding. This gives ""Incorrectly set or r",java|oracle-database|jdbc|plsql,4458734,Get last ID on inserted row in Oracle DB,: PLSQL JDBC: How to get last row ID? I have problem getting ID from tables. I have two tables AJPES_TR and TR_LOG and PK from TR_LOG table is set as foreign key in AJPES_TR table. In TR_LOG table I just write from which file data was imported and I want to link that PK into main table. In mySQL I was doing just fine with getID.last(); int j = getID.getInt(TR_LOG_ID); but now in Oracle this doesn't work anymore. These are my PreparedStatements: PreparedStatement insertData = con.prepareStatement,java|oracle-database|jdbc,初审完成，待第二人复核,重复,Codex机器辅助初审,Stack Overflow Possible Duplicate链接,原问题正文明确指向另一问题为Possible Duplicate。,0.321781,18,33,0,0,相关但不重复,0.305394,6,37,0,0
A116,31907944,ORA-04098: trigger 'SYSTEM.BI_BOOKS' is invalid and failed re-validation,"I am New in oracle. I am trying to create a table in oracle 10g with auto incremented primary key feature. And I am doing this creating trigger. I have created 2 tables 1.SERVLET_JSP_REGISTRATION and 2.BOOKS. Sql for SERVLET_JSP_REGISTRATION CREATE TABLE ""SERVLET_JSP_REGISTRATION"" (""FIRSTNAME"" VARCHAR2(4000), ""LASTNAME"" VARCHAR2(4000), ""EMAIL"" VARCHAR2(4000), ""PASSWORD"" VARCHAR2(4000), ""ADDRESS"" VARCHAR2(4000), ""CITY"" NUMBER, ""SKILLS"" VARCHAR2(4000), ""LOCATION"" VARCHAR2(4000), ""PHONE"" VARCHAR2(4",oracle-database|triggers|oracle10g,42818654,Trigger — is invalid and failed re-validation,I am trying to create this simple trigger : CREATE OR REPLACE TRIGGER my_trig BEFORE DELETE OR INSERT OR UPDATE ON empcopy FOR EACH ROW WHEN (NEW.EID > 0) DECLARE sal_diff number; BEGIN sal_diff := :NEW.salary - :OLD.salary; dbms_output.put_line('Old salary: ' || :OLD.salary); dbms_output.put_line('New salary: ' || :NEW.salary); dbms_output.put_line('Salary difference: ' || sal_diff); COMMIT; END; / on execution it gives the result as: Trigger created But when I update my table the following res,sql|oracle-database|triggers,初审完成，待第二人复核,相关但不重复,Codex机器辅助初审,同簇高相似困难负例初审,共享错误码或多个核心术语，但具体输入、环境或解决目标不同；需第二位人工标注者复核。,0.393448,44,44,1,0,相关但不重复,0.410902,49,44,0,0
A117,20654041,Weblogic deployment error,"I have deployed ear files in oracle weblogic server and i also configured datasource for that project. When i try to test it it is giving me this error. ""Message icon - Error weblogic.application.ModuleException: :org.springframework.beans.factory.BeanDefinitionStoreException:Invalid bean definition with name 'userContext' defined in class path resource [voyager-seats-usercontext.xml]: Could not resolve placeholder 'IDM.USERNAME' Message icon - Warning Errors were encountered while performing th",oracle-database|weblogic|weblogic-10.x|weblogic12c,42618106,ORA-00904: invalid identifier in this instance,"Here is my solution, I want to display all the information in 3 tables with salary, when I put salary at then end, no matter what I tried,I still got wrong. Someone help me fix. I don't know how to display the salary with only 15 rows. SELECT Bld.id,C.code,M.FIRST_NAME,M.LAST_NAME,Bld.Address,M.ADDRESS,D.DOB,S.SALARY from HW1_PERSON M inner join HW1_BUILDING Bld ON M.id = Bld.id INNER JOIN HW1_PERSON M ON Bld.id = M.id INNER JOIN HW1_PERSON M ON M.id = Bld.id Inner JOIN HW1_BUILDING Bld ON Bld.i",sql|oracle-database|date,初审完成，待第二人复核,不相关,Codex机器辅助初审,跨簇低相似保守负例初审,来自不同基线簇且无共享核心标题词；需第二位人工标注者复核。,0.025451,26,33,0,0,不相关,0.027645,26,33,0,0
A118,14156928,oracle : Dynamic column name,": Oracle Rows to Column Transformation My real problem is just like this but has many tables related to each other. So, I just created a example, so assuming if this gets solved, my real problem gets solved. Here are my tables : tbl_products tp_id | tp_name 1 apple 2 mango 3 pineapple tbl_sales ts_id | ts_location | ts_tp_id | ts_sales 1 NY 2 5 2 LN 2 10 3 QL 1 25 4 QL 3 20 5 LN 3 35 6 NY 3 50 7 NY 1 100 If I have these two tables, tbl_products and tbl_sales, how to create a query that has a dyn",sql|oracle-database|oracle10g|pivot,9582218,Oracle Rows to Column Transformation,I have a table select * from table values returning are login id | status_name | count =============================== admin | open | 3 admin | closed | 5 test | inprogress | 10 test | open | 10 test | closed | 11 user1 | closed | 5 user1 | pending | 10 how can i transfer this data from row to column? I want in this manner login_id | open | closed | inprogress | pending ================================================ admin | 3 | 5 | 0 | 0 test | 10 | 10 | 10 | 0 user1 | 0 | 5 | 0 | 10,sql|oracle-database|oracle10g,初审完成，待第二人复核,重复,Codex机器辅助初审,Stack Overflow Possible Duplicate链接,原问题正文明确指向另一问题为Possible Duplicate。,0.137987,22,6,0,0,不相关,0.154443,22,6,0,0
A119,46244535,JDBC SQL command not properly ended,"Below is my jdbc Query: Connection con = DB_Connection.get_dbConnectionSingleTime(""TESTA2"", ""ao3652"", ""reset123"", ""Oracle""); String premium = ""Premiums""; String query = ""SELECT * FROM ELP_COUNTRY,ELP_COUNTRY_Tax where""+ ""ELP_COUNTRY.COUNTRY_ID=Elp_Country_Tax.Country_Id""+ ""and ELP_COUNTRY.DESCRIPTION=? and GETENGLISHDESCFROMLISTITEM(ELP_COUNTRY_TAX.TAX_TYPE_ID)=?""+ ""and ELP_COUNTRY_TAX.DEALER_ID is null order by ELP_COUNTRY_TAX.Effective_Date DESC""; //--------------------------------------------",oracle-database|jdbc,54473382,java.sql.SQLSyntaxErrorExceptionORA-00933: SQL command not properly ended,"I am using this query sql=String.format(""INSERT INTO PM_AM_ASSET_AUDIT(TAG_ID,MODEL_ID,CATEGORY_ID,DESCRIPTION,NOTES,STATUS_ID,PARK_ID,TOWER_ID,FLOOR_ID,UNIT_ID,CUSTOMER_ID,CHECK_OUT_DATE,DUE_DATE,MODIFIED_BY,MODIFIED_DATE,REVISION,PARK_NAME,TOWER_NAME,FLOOR_NAME,UNIT_NAME,CUSTOMER_NAME) SELECT TAG_ID,MODEL_ID,CATEGORY_ID,DESCRIPTION,NOTES,STATUS_ID,PARK_ID,TOWER_ID,FLOOR_ID,UNIT_ID,CUSTOMER_ID,CHECK_OUT_DATE,DUE_DATE,MODIFIED_BY,MODIFIED_DATE,REVISION,PARK_NAME,TOWER_NAME,FLOOR_NAME,UNIT_NAME,C",java|sql|oracle-database|jdbc,初审完成，待第二人复核,相关但不重复,Codex机器辅助初审,同簇高相似困难负例初审,共享错误码或多个核心术语，但具体输入、环境或解决目标不同；需第二位人工标注者复核。,0.383354,34,18,0,0,相关但不重复,0.440275,18,9,0,0
A120,68201638,Oracle SQL Rewrite so field does not return invalid indentifier,"I am creating a view and you cannot create a view with a column outer-joined to a subquery, so I found another way to do it, but now I am having an issue with a field being out of scope. create table registered ( crn number, term varchar2(6)); create table course( crn number, term varchar2(6), term_descrip varchar2(25)); insert into registered values (123,'202101'); insert into registered values (456,'202001'); insert into registered values (789,'202101'); insert into registered values (123,'202",sql|oracle-database,73141259,"dapper , how to read oracle retruing id","i want get the return id after a insert . the field is RAW(16) in oracle ,and Guid in C# public class Test { public Guid Id { get; set; } public Guid? PlanId { get; set; } public bool State { get; set; } public DateTime CreateTime { get; set; } } i have created a RawGuidHandler,inherited from SqlMapper.TypeHandler internal class RawGuidHandler : SqlMapper.TypeHandler<Guid> { public override Guid Parse(object value) { if (value is byte[] byteArray) { return new Guid(byteArray); } throw new NotImp",oracle-database|return|dapper,初审完成，待第二人复核,不相关,Codex机器辅助初审,跨簇低相似保守负例初审,来自不同基线簇且无共享核心标题词；需第二位人工标注者复核。,0.066901,7,9,0,0,不相关,0.077441,8,9,0,0
A121,30356182,Toad for oracle -- ORA-12514:TNS:listener does not currently know of service requested in connect descriptor,"I'm getting this error when connecting with Toad for Oracle. ORA-12514: TNS:listener does not currently know of service requested in connect descriptor Items Checked TNS_ADMIN environment variable is defined as ""D:\app\oracle\product\12.1.0\client_1\Network\Admin"" D:\app\oracle\product\12.1.0\client_1\Network\Admin\tnsnames.ora was located The following connect descriptor was found for OCP36T in the tnsnames.ora file ocp36t = (DESCRIPTION = (ADDRESS = (PROTOCOL = TCP)(HOST = lx-cpora-t01k.lmig.c",oracle-database|toad,51485314,"Getting ""ORA-12514, TNS:listener does not currently know of service requested in connect descriptor"" in JBoss DB Source Configuration","I'm having the same problem in both JBOSS EAP 6.3 and 7.1. And the EAP is running in Windows environment. I have 2 Data sources: one is for test, one is for stg. They are having very similar Connection URL: jdbc:oracle:thin@//tst-server.tst.myapp.com:1599/testdb jdbc:oracle:thin@//stg-server.stg.myapp.com:1521/stgdb I'd been switching back and forth between these 2 in JBoss Data Sources at my local computer without any problem until one day I got this error message(ORA-12514) trying to switch to",java|oracle-database|jdbc|jboss,初审完成，待第二人复核,相关但不重复,Codex机器辅助初审,同簇高相似困难负例初审,共享错误码或多个核心术语，但具体输入、环境或解决目标不同；需第二位人工标注者复核。,0.434420,20,20,1,0,相关但不重复,0.368842,20,20,1,1
A122,11131057,Temporary table in Oracle?,": How to create a temporary table in Oracle I have a SQL query that produces a table that I would like to reuse several times. In T-SQL I would create a temporary table (#temp), what is the equivalent in Oracle SQL? Thanks.",sql|oracle-database,2671518,How do you create a temporary table in an Oracle database?,I would like to create a temporary table in a Oracle database something like Declare table @table (int id) In SQL server And then populate it with a select statement Is it possible? Thanks,sql|oracle-database|temp-tables,初审完成，待第二人复核,重复,Codex机器辅助初审,Stack Overflow Possible Duplicate链接,原问题正文明确指向另一问题为Possible Duplicate。,0.631203,31,31,1,1,重复,0.597671,31,31,1,1
A123,1076011,How can multiple rows be concatenated into one in Oracle without creating a stored procedure?,"How can I achieve the following in oracle without creating a stored procedure? Data Set: question_id element_id 1 7 1 8 2 9 3 10 3 11 3 12 Desired Result: question_id element_id 1 7,8 2 9 3 10,11,12",sql|oracle-database|concatenation|string-aggregation,6186048,how to insert multiple rows from a source table into a single row in target table using cursor in oracle,": How can multiple rows be concatenated into one in Oracle without creating a stored procedure? create table pr_info( pr_ref varchar2(10), pr_text varchar2(3), pr_key varchar2(12) ) This table contains the data in the following format pr_ref pr_text pr_key a1 abc qwertyui01 a1 def qwertyui02 b1 aaa zxcvbnmj01 b1 bbb zxcvbnmj02 b1 ccc zxcvbnmj03 That is if the pr_text is more than 3 characters long then the record is split and placed in a new record with same pr_ref but different pr_key(in this c",oracle-database|plsql|string-aggregation,初审完成，待第二人复核,重复,Codex机器辅助初审,Stack Overflow Possible Duplicate链接,原问题正文明确指向另一问题为Possible Duplicate。,0.316263,32,47,0,0,相关但不重复,0.314628,8,47,0,0
A124,13235392,Optional sql command parameters with Oracle Client,I'm trying to feed sqlcommand with more parameters than it uses. Because of that I'm getting exception ORA 01036. The description leads me to a fact that I can only pass parameters that will actually be used in the query. I cannot find it anywhere - is it really true? It seems pretty stupid and limited to me...,c#|.net|oracle-database|sqlcommand,46825769,"SQL script in R containing double quotes ""","I am trying to run a query from R to an Oracle DB. Trouble is, that the string doesn't like the double quotes "". For example, I'd like to run the query: select T.* from xyz.table1 T where T.""ID""='123' In R this would work like this: sql<-""select T.* from xyz.table1 T where T.""ID""='123'"" R returns an Error, saying: Error: unexpected symbol in sql<-""select T.* from xyz.table1 T where T."" Note: We need to use "" around ID , as we want to force case-sensitivity, so that it doesn't match columns like:",r|oracle-database,初审完成，待第二人复核,不相关,Codex机器辅助初审,跨簇低相似保守负例初审,来自不同基线簇且无共享核心标题词；需第二位人工标注者复核。,0.017767,10,39,0,0,不相关,0.009236,10,23,0,0
A125,45948004,Oracle Trigger update column with information from another column in the same table,"I need to create a trigger in the yyy table. After a insert, I must update the test1 column with the same information of test2 column. Could be like this? CREATE OR REPLACE TRIGGER TRG_update AFTER INSERT ON yyy FOR EACH ROW BEGIN UPDATE yyy SET TEST1 = :NEW.TEST2 END",sql|oracle-database|triggers,74412775,SQL trigger update another table with same prime key,"CREATE OR REPLACE TRIGGER TRIGGER_RENEWAL AFTER UPDATE OF NEXT_RENEW_DATE ON SUBSCRIPTION_CUSTOMER REFERENCING OLD AS OLD NEW AS NEW For each row BEGIN update Subscription_log Set next_renew_date = :NEW.next_renew_date, previous_renew_date = :OLD.next_renew_date; ""Where rowid = updated row;"" END; The table ""Subscriptio_log"" has a column ""Phone_number"" and ""Email_address"" referenced from the ""Subscription_Customer"" as a FK and PK The case here is that I'd like to trigger an update on a log table ",sql|oracle-database,初审完成，待第二人复核,相关但不重复,Codex机器辅助初审,同簇高相似困难负例初审,共享错误码或多个核心术语，但具体输入、环境或解决目标不同；需第二位人工标注者复核。,0.370496,44,44,1,0,相关但不重复,0.362670,44,32,0,0
A126,30298848,SQL Developer not fetching rows for views,"I am using SQL Developer Version 4.0.3.16 and JDK Version Java(TM) Platform 1.7.0_71 , (OS Windows 7) When I am executing a query as select * from table_name , the query is fetching rows. But if I try to fetch the rows from a view select * from view_name the query is fetching 0 results even if the view is pulling records. This I have confirmed by running the same query in different machine with same db connection . What could be possibly wrong with settings in my machine. I have tried by complet",sql|oracle-database|view|oracle-sqldeveloper,6579120,Id generation problem in Grails when using Oracle and H2 for the same application,"I am working on grails application. I must use H2 for development and Oracle for testing and production. I must use separate sequences for each domain class/table when using Oracle so I used the following in my domain classes: static mapping = { id (generator:'sequence', params:[sequence:'SOME_SEQUENCE']) } But then I am not able to use H2. I get Unique index or primary key violation error when I try to create new using user interface. What can be done to have such mapping to work only for produ",oracle-database|grails|grails-orm|h2|sequences,初审完成，待第二人复核,不相关,Codex机器辅助初审,跨簇低相似保守负例初审,来自不同基线簇且无共享核心标题词；需第二位人工标注者复核。,0.043129,10,36,0,0,不相关,0.043149,10,36,0,0
A127,46825769,"SQL script in R containing double quotes ""","I am trying to run a query from R to an Oracle DB. Trouble is, that the string doesn't like the double quotes "". For example, I'd like to run the query: select T.* from xyz.table1 T where T.""ID""='123' In R this would work like this: sql<-""select T.* from xyz.table1 T where T.""ID""='123'"" R returns an Error, saying: Error: unexpected symbol in sql<-""select T.* from xyz.table1 T where T."" Note: We need to use "" around ID , as we want to force case-sensitivity, so that it doesn't match columns like:",r|oracle-database,63291183,How to restore Oracle 19c after Windows reinstall,"I had to reinstall Windows 10 on my home PC but I still have all the Oracle folders: Oracle Base Oracle Software Oracle Data I'd like to restore the entire database (schemas: users, tablespaces...) Could someone provide a guide what steps I need to carry out? Thanks",oracle-database,初审完成，待第二人复核,不相关,Codex机器辅助初审,跨簇低相似保守负例初审,来自不同基线簇且无共享核心标题词；需第二位人工标注者复核。,0.023246,39,21,0,0,不相关,0.022218,23,21,0,0
A128,29079836,Create ID using current DATE with additional auto increment number,"I faced a problem in generating ID for my form. I'm currently using ASP Classic and Oracle. I need to create ID that has current date and 2 additional numbers eg: yyyymmdd +auto increment number in sequence order (2015031601, 2015031602). Until now, I only able to return current date value in my form with random numbers which created using Math.random() function in Javascript. But, the ID actually needs to have the auto increment number in sequence. Code for the current date and math random for ",javascript|oracle-database|asp-classic,60225306,Turn row with 2 different value into 2 column oracle,I'm having trouble tunring a row with only 2 possible value (heads or tails for example ) into 2 column. I found Pivot but it doesn't seems to fit the problem. Here's a little shema to help you understand what i'm trying to do : Into this : It's probably not very complicated yet I can't find the good words to explain my problem to google so he give's me the right solution !,sql|oracle-database,初审完成，待第二人复核,不相关,Codex机器辅助初审,跨簇低相似保守负例初审,来自不同基线簇且无共享核心标题词；需第二位人工标注者复核。,0.043467,7,37,0,0,不相关,0.042552,7,37,0,0
A129,30901432,Oracle SQL Find First Match from single table,"I have a table that lists concurrent program IDs and names. However, the table allows more than one name for each program ID. I'm needing to report some data about the programs, but am having trouble getting it to display correctly, as the program name is what is being displayed and grouped by in Tableau. So what I need is a way to pull the first name for each program ID from the table. Since I'm including the program name in my output, I can't use unique (it wouldn't filter the alternate names)",sql|oracle-database,5935346,Unitils and DBMaintainer - how to make them work with multiple users/schemas?,"I am working on a new Oracle ADF project, that is using Oragle 10g Database, and I am using Unitils and DBMaintainer in our project for: updating the db structure unittesting read in seed data read in test data List item In our project, we have 2 schemas, and 2 db users that have privilegies to connect to these schemas. I have them in a folder structure with incremental names and I am using the @convention for script naming. 001_@schemaA_name.sql 002_@schemaB_name.sql 003_@schemaA_name.sql This ",oracle-database|unit-testing|ant|jdeveloper|unitils,初审完成，待第二人复核,不相关,Codex机器辅助初审,跨簇低相似保守负例初审,来自不同基线簇且无共享核心标题词；需第二位人工标注者复核。,0.078943,30,32,0,0,不相关,0.070665,30,32,0,0
A130,7239476,Geting value count from an Oracle Table,"I have a table, that contains employees. Since the company I'm working for is quite big (>3k employees) It is only natural, that some of them have the same names. Now they can be differentiated by their usernames, but since a webpage needs a drop-down with all of these users, I need to add some extra data to their names. I know I could first grab all of the users and then run them through a foreach and add a count to each of the user objects. That would be quite ineffective though. Therefore I'm",sql|oracle-database,8702648,Using the value in a row to fetch data for another column for the same row,": Geting value count from an Oracle Table I have a simple query on 2 tables A and B Table A ======== LOCATION, NAME Table B ======== LOCATION, SKU The query is: select A.LOCATION, B.SKU from A, B where A.Location = B.Location In the result of this query, I would like to add another column with the count of all locations in B which have the same SKU as returned by the above query.",sql|oracle-database|oracle10g|oracle11g|oracle9i,初审完成，待第二人复核,重复,Codex机器辅助初审,Stack Overflow Possible Duplicate链接,原问题正文明确指向另一问题为Possible Duplicate。,0.234460,6,32,0,0,相关但不重复,0.242021,12,32,0,0
A131,66673393,ORA-01422: exact fetch returns more than requested number of rows in function,"Select statement return more than one row in resault. Is it possible get all row in resault with this function? CREATE OR REPLACE PACKAGE PKG_EMP AS TYPE measure_record IS RECORD( ename VARCHAR2(50), sal VARCHAR2(50), empno number); TYPE measure_table IS TABLE OF measure_record; FUNCTION get_emp(id NUMBER) RETURN measure_table PIPELINED; END; CREATE OR REPLACE PACKAGE BODY PKG_EMP AS FUNCTION get_emp(id number) RETURN measure_table PIPELINED IS rec measure_record; BEGIN SELECT ename, sal, empno ",sql|oracle-database|plsql,66748496,Exact fetch returns more than requested number of rows in procedure,"After call procedure get below error, when nested table contains more than one value. is it possible put NEW_ID variable in FORALL block or other solution? ORA-01422: exact fetch returns more than requested number of rows procedure EMP_INSERT ( P_EMP employees_nt ) as NEW_ID number; begin FORALL i IN 1 .. P_EMP.COUNT Insert into test (val_1) values (P_EMP(i)) RETURNING new_id into NEW_ID; Insert into test2 (val_2) values (NEW_ID); //Is it possible put here NEW_ID to null? end;",oracle-database|plsql,初审完成，待第二人复核,相关但不重复,Codex机器辅助初审,同簇高相似困难负例初审,共享错误码或多个核心术语，但具体输入、环境或解决目标不同；需第二位人工标注者复核。,0.512102,6,6,1,0,相关但不重复,0.503555,6,6,1,1
A132,11191299,Why is there a maximum length for stored procedure names?,": Why are Oracle table/column/index names limited to 30 characters? When writing a stored procedure in Oracle, I chose a particularly descriptive name, and when attempting to update the script I was informed the name was too long. 37 15 PLS-00114: identifier 'blah_blah_blah_blah_blah_blah' too long Why is there such a restrictive limit on stored proc names? Is this just specific to Oracle or is this common in other db systems? Sorry for the duplicate",sql|oracle-database|stored-procedures,1378133,Why are Oracle table/column/index names limited to 30 characters?,"I can understand that many years ago there would be this kind of limitation, but nowadays surely this limit could easily be increased. We have naming conventions for objects, but there is always a case that turns up where we hit this limit - especially in naming foreign keys. Does anybody actually know why this isn't a bigger size - or is it bigger in 11g? Apparently the answer is that it will break currently scripts that aren't defensively coded. I say that is a very worrying thing, Oracle is t",oracle-database|oracle10g|size,初审完成，待第二人复核,重复,Codex机器辅助初审,Stack Overflow Possible Duplicate链接,原问题正文明确指向另一问题为Possible Duplicate。,0.192201,21,19,0,0,相关但不重复,0.202173,21,21,1,1
A133,61381497,How to aggregate functions with groupby in SQL,"I have tables like this. I would like to groupby and aggregate this in diffrent aggregate functions. product sex age A M 10 B F 20 A F 30 C M 40 my desired result is like below. Now I can group in product key, but in this case, I must group them by product and sex . Are there any way to achieve it? count(M) count(F) avarage(M) average(F) A 1 1 10 30 B 0 1 NA 20 C 1 0 40 NA Thanks",sql|oracle-database,8134003,Display time format through Oracle,"I wish to view my column time as 'hh24:mi:ss' but even i insert it as to_date('13:00:00','hh24:mi:ss'). It still displays as date format. I have tried different methods to convert and i don't wish to alter the session. Here's my table created: CREATE TABLE Test ( Name VARCHAR2(20), Description Varchar2(20), StudyTime Date, SleepTime Date, ); Insert: INSERT INTO Test VALUES('JUDY','STUDYING AT ABC', (To_Date('01:00:00', 'HH24:MI:SS')), (TO_DATE('06:35:00', 'HH:MI:SS'))); Display results: Judy,Stu",sql|oracle-database|date|time,初审完成，待第二人复核,不相关,Codex机器辅助初审,跨簇低相似保守负例初审,来自不同基线簇且无共享核心标题词；需第二位人工标注者复核。,0.034661,12,45,0,0,不相关,0.035005,12,45,0,0
A134,61278658,How to build reports in Oracle SQL developer,"I need to generate 10 business reports based on the following tables and I'm having some troubles. I know I do not have enough for 10 reports yet, but I am having troubles starting. CARE_CENTER Care Center ID|Care Center Name |Care Center Address |Nurse In Charge ------------------+--------------------------+-----------------------------------+-------------------- 11111 |Centers Health Care |4770 White Plains Rd, Bronx, NY |Nurse Johnson 22222 |Bronx Urgent Care |1733 E 174th Street, Bronx, NY |",sql|oracle-database,65726837,C# / Dapper passing XML CLOB to Oracle stored procedure causes LPX-00210,"I am working on a bulk loading program that needs to load between 10K and 30K rows into multiple tables. The approach taken is to send in a large XML file to a stored procedure. This stored procedure does an INSERT/SELECT from XMLTABLE to load the table. When the stored procedure is called from SQL Developer with the following XML, it runs fine: <NMFC_CTL_STG> <row><cust>CSA</cust><itemNbr>001010</itemNbr><sub>00</sub><seqNbr>0</seqNbr><status></status><effectiveDate>1995-08-26</effectiveDate><e",oracle-database|.net-core|dapper|clob|xmltype,初审完成，待第二人复核,不相关,Codex机器辅助初审,跨簇低相似保守负例初审,来自不同基线簇且无共享核心标题词；需第二位人工标注者复核。,0.027258,33,41,0,0,不相关,0.021606,33,41,0,0
A135,24655163,Hierarchical Query sql,"UPDATED QUESTION! I have a table with parent-child attributes: Parent_Id Child_Id Atribute1 Atribute2(colour) ---------- ---------- ---------- ---------- 1 name1 null 2 name2 null 1 3 name1.1 null 3 4 name1.1.1 grenn 3 5 name1.1.2 green 3 6 name1.1.3 null 1 7 name1.2 null 7 8 name1.2.1 green 7 9 name1.2.2 green Temporary table, which saves selected values (colors) Colour ------ noclour green Hierarchy from table looks like: Name2 no colour Name1 no colour Name 1.1 no colour name 1.1.1 green name",sql|oracle-database,67386649,How do i make a hierarchical Oracle query?,"i have the following data: structure: id parent_id 1 null 1.1 1 1.1.1 1.1 1.1.2 1.1 2 null 2.1 2 2.1.1 2.1 2.2 2 2.2.1 2.2 values: id value 1.1.1 10 1.1.1 15 1.1.2 5 2.1.1 20 2.2.1 10 i want to bring the following result: id value 1 30 1.1 30 1.1.1 25 1.1.2 5 2 30 2.1 20 2.1.1 20 2.2 10 2.2.1 10 i need a oracle query to bring me this result, any idea how to do this? PS: i know how to solve this problem with subselect, however i need a more efficient way",sql|oracle-database,初审完成，待第二人复核,相关但不重复,Codex机器辅助初审,同簇高相似困难负例初审,共享错误码或多个核心术语，但具体输入、环境或解决目标不同；需第二位人工标注者复核。,0.274264,31,6,0,0,相关但不重复,0.274152,31,6,0,0
A136,4020786,"Oracle ""(+)"" Operator","I am checking some old SQL Statements for the purpose of documenting them and probably enhancing them. The DBMS is Oracle. I did not understand a statement which read like this: select ... from a,b where a.id=b.id(+) I am confused about the (+) operator, and could not get it at any forums... (searching for + within quotes didn't work either). Anyway, I used 'Explain Plan' of SQLDeveloper and I got an output saying that HASH JOIN, RIGHT OUTER , etc. Would there be any difference if I remove the (",sql|oracle-database|join|outer-join,6658334,(+) syntax for outer joins in mysql,"s: Oracle “(+)” Operator Oracle (Old?) Joins - A tool/script for conversion? I have been somewhat spoiled by using Oracle for years. Now I am using mysql and cannot find a non-ansi version/shorthand version of outer joins in MySQL. In oracle I could do this select a.country acountry, a.stateProvince aStateProvince, b.countryName bcountry, b.name bstateProvince from User a, stateprovince b where a.country*=b.countryName **(+)** and a.stateProvince*=b.name **(+)** to get an outer join. Can mysql d",mysql|sql|oracle-database|outer-join,初审完成，待第二人复核,重复,Codex机器辅助初审,Stack Overflow Possible Duplicate链接,原问题正文明确指向另一问题为Possible Duplicate。,0.229560,28,16,0,0,相关但不重复,0.209149,28,16,0,0
A137,148648,"Oracle: is there a tool to trace queries, like Profiler for SQL Server?","I work with SQL Server, but I must migrate to an application with Oracle DB. For tracing my application queries in SQL Server I use the Profiler tool. Is there something equivalent for Oracle?",sql-server|oracle-database|profiler,8265222,How to track all queries submitted to Oracle DB from app server?,": Oracle: is there a tool to trace queries, like Profiler for sql server? I am using JDBC to talk to Oracle. Are there any ways or external tools that I can track all SQL queries submitted to Oracle DB server from app server during one session? This should be very great debug / bug tracking tool.",java|sql|oracle-database|jdbc|profiling,初审完成，待第二人复核,重复,Codex机器辅助初审,Stack Overflow Possible Duplicate链接,原问题正文明确指向另一问题为Possible Duplicate。,0.454858,15,15,1,0,相关但不重复,0.433765,15,15,1,1
A138,16853998,PL/SQL function compilation errors,"I'm trying to write a PL/SQL function that takes the name of a player as a parameter and returns the number of matches played in his favorite stadiums. If the player doesn't exist in the players table, the function should returns -2. If the player exists but he doesn't have any favorite stadium, the function returns -1. This is what I have: create or replace function favS(pname varchar2) return number as fav_stadium_count number; begin select count(case when favstadiums.stadium = matches.stadium",sql|oracle-database|plsql,22140781,Error in Compilation of PL/SQL Function,"When I try to run the function shown in image 1, I receive the error in image 2. I'm new to PL/SQL so please help me. Thanks in advance. :)",oracle-database|plsql,初审完成，待第二人复核,相关但不重复,Codex机器辅助初审,同簇高相似困难负例初审,共享错误码或多个核心术语，但具体输入、环境或解决目标不同；需第二位人工标注者复核。,0.329334,26,28,0,0,相关但不重复,0.334612,26,28,0,0
A139,19535371,Ora-00905 missing keyword error,"Im getting below error while executing below line, SELECT * INTO employee_Backup FROM employee Error: Ora-00905 missing keyword error",oracle-database,49801514,Oracle Sql query missing keyword error,"I am trying this query select employee_id ,first_name ,last_name , case salary when(( commission_pct > 0) AND (commission_pct <= 0.15)) then salary*20/100 when commission_pct > 0.15 then salary*25/100 else 0 end INCENTIVE_AMT from employees order by employee_id; but it shows missing keyword error I am getting this error at ""commission_pct > 0"" point. please help me",sql|oracle-database|oracle11g,初审完成，待第二人复核,相关但不重复,Codex机器辅助初审,同簇高相似困难负例初审,共享错误码或多个核心术语，但具体输入、环境或解决目标不同；需第二位人工标注者复核。,0.424349,39,33,0,0,相关但不重复,0.418977,39,33,0,0
A140,20466372,Trigger to Add Newly Inserted Rows in Another Table,I am working on developing a triggerr in oracle SQL developer that would copy every newly inserted row in a specific table X to another table Y. The number of attributes in both X and Y tables do not match. That's why I am just taking a subset of the attributes in table X and filling in table Y Here is the code I worked out but it is not working: CREATE OR REPLACE TRIGGER ESURUSAGE AFTER INSERT ON X FOR EACH ROW DECLARE user_ID Varchar(10); BEGIN Select user_name INTO user_ID From X A Where A.us,mysql|sql|database|oracle-database|triggers,37434119,Bltoolkit oracle clob type,"I use bltoolkit as orm and i had a problem with clob type. I have a long string value and i got error while update operation. Error: ORA01704 - String literal too long. Checked table and my column type is clob. There is no clob option in bltoolkit table class design. I set this column like that: [MapField(""MSG_BODY"")] public string MsgBody { get; set; } What is wrong ?",oracle-database|clob|bltoolkit,初审完成，待第二人复核,不相关,Codex机器辅助初审,跨簇低相似保守负例初审,来自不同基线簇且无共享核心标题词；需第二位人工标注者复核。,0.015083,44,41,0,0,不相关,0.016074,44,41,0,0
A141,1826625,Java clob retrieval using getString - character encoding issue,"So I have a database with a table, where one of it's entries is ' é€áí ', and I know this is correct in the db. It is stored as a clob . In Java, I retrieve the entry like so: String text = resultSet.getString(DBConstants.COL_NOTE_TEXT); When debugging, text is equal to ' é\u0080áí ' and when displayed on the screen the euro symbol is a square block. Anyone seen this before? Any suggestions? Thanks in advance.",java|oracle-database|character-encoding|clob,50589461,cx_Oracle.DatabaseError: ORA-00907: missing right parenthesis,"Following line of code shows cx_Oracle.DatabaseError: ORA-00907: missing right parenthesis cur.execute('''CREATE TABLE address(addressid int PRIMARY KEY AUTO_INCREMENT=1,addressline varchar(10),city varchar(10),zip int,state varchar(10)) ''') Before adding the constraints the code was running without an error but now it shows the error.",python|database|oracle-database|oracle11g|pycharm,初审完成，待第二人复核,不相关,Codex机器辅助初审,跨簇低相似保守负例初审,来自不同基线簇且无共享核心标题词；需第二位人工标注者复核。,0.013637,41,39,0,0,不相关,0.015374,41,39,0,0
A142,15741697,ORACLE constraints based on 2+ tables,"I have the following three tables: CREATE TABLE Flights ( route_number INT NOT NULL PRIMARY KEY, operated_by INT NOT NULL, airplane_model VARCHAR(30) NOT NULL, source VARCHAR(20), destination VARCHAR(20), FOREIGN KEY (operated_by) REFERENCES Airline(airline_id), FOREIGN KEY (airplane_model) REFERENCES Airplanes(airplane_id) ); CREATE TABLE outgoing ( route_number INT NOT NULL PRIMARY KEY, poTime Date NOT NULL, FOREIGN KEY (route_number) REFERENCES Flights(route_number) ); CREATE TABLE incoming (",oracle-database,46155996,Running count grouped by month to aggregate sales,I have sales table with fields Datatime( DateTime ) and sales( Number ). How do I write a SQL query to fetch data grouped by month year for last 6 months with a new column 'running count'. Running count is a positive whole number which starts with 1 (if sales else 0) then 2 if there is a sale for next month (given there is a sale and running count was 1 for the previous month) and so on. If there is no sales for a month running count will be 0 for that month and if there is a sale for next month,sql|oracle-database,初审完成，待第二人复核,不相关,Codex机器辅助初审,跨簇低相似保守负例初审,来自不同基线簇且无共享核心标题词；需第二位人工标注者复核。,0.031455,33,12,0,0,不相关,0.031881,33,12,0,0
A143,12584303,"SQL Developer - Delete 90,000 rows",": ORA-00054: resource busy and acquire with NOWAIT specified I have a table in sql dev that I want to clear all data from. There are about 90,000+ rows. I just want to delete data and not the table. Everything I've tried hasn't worked ie DELETE *, TRUNCATE. I keep running into ORA-00054: resource busy and acquire with NOWAIT specified or timeout expired error",sql|oracle-database|ora-00054,3075738,ORA-00054: resource busy and acquire with NOWAIT specified,"I killed a script that was in the middle of updating a table. Now when I rerun the script I am getting, ORA-00054: resource busy and acquire with NOWAIT specified I presume the table is locked? How do I unlock the table?",sql|oracle-database|unix|ora-00054,初审完成，待第二人复核,重复,Codex机器辅助初审,Stack Overflow Possible Duplicate链接,原问题正文明确指向另一问题为Possible Duplicate。,0.553759,46,46,1,1,重复,0.541232,46,46,1,1
A144,13518506,Oracle - literal does not match format string error,": Simple Oracle query: literal does not match format string I am getting the following error: INSERT INTO CatalogueEntry VALUES('2001-12-10', 2, 14.99, 1, 0) ERROR at line 1: ORA-01861: literal does not match format string ` The first field is a DATE format. Any ideas? Thanks.",sql|database|oracle-database|date-format|ora-01861,43116673,JDBC - ORA-01861: literal does not match format string 01861,"I have problem with retrieving a data from oracle data base I want to access data by using two JDatechoosers ... I use JDatechooser to store date value in database of type date. chooser=new JDateChooser(); chooser.setBounds (200, 175, 175, 25); chooser.setDateFormatString(""dd-MM-yyyy""); pstmt.setDate(5, new java.sql.Date(chooser.getDate().getTime())); I want to access data between two dates using two JDatechooser values as fallows.. chooser = new JDateChooser(); chooser.setBounds (100, 15, 100, ",java|oracle-database|date|jdbc|jdatechooser,初审完成，待第二人复核,相关但不重复,Codex机器辅助初审,同簇高相似困难负例初审,共享错误码或多个核心术语，但具体输入、环境或解决目标不同；需第二位人工标注者复核。,0.479776,45,45,1,0,相关但不重复,0.475624,45,45,1,1
A145,22955263,Java Oracle Database Connection,This is the exception i am getting: D:\Programming\Java\bin>JAVAC Demo.java D:\Programming\Java\bin>java Demo Error: Could not find or load main class Demo D:\Programming\Java\bin>java -cp . Demo Exception Born java.lang.ClassNotFoundException: oracle.jdbc.driver.OracleDrive r java.lang.ClassNotFoundException: oracle.jdbc.driver.OracleDriver at java.net.URLClassLoader$1.run(URLClassLoader.java:366) at java.net.URLClassLoader$1.run(URLClassLoader.java:355) at java.security.AccessController.doPriv,java|sql|oracle-database|jdbc,47308853,Casting java.sql.Connection to Oracle Connection,"I have a java application where I call Oracle procedure and passing Oracle array as parameter. My application is EAR. Everything worked correctly on Java 7 and Jboss 7, but when we upgraded to Java 8 and Wildfly 10 we got this error: java.lang.ClassCastException: org.jboss.jca.adapters.jdbc.jdk7.WrappedConnectionJDK7 cannot be cast to org.jboss.jca.adapters.jdbc.WrappedConnection After some research I changed my code to this: WrappedConnectionJDK7 wc = (WrappedConnectionJDK7 ) conn; OracleConnec",java|oracle-database|connection|wildfly-10,初审完成，待第二人复核,相关但不重复,Codex机器辅助初审,同簇高相似困难负例初审,共享错误码或多个核心术语，但具体输入、环境或解决目标不同；需第二位人工标注者复核。,0.217560,18,9,0,0,相关但不重复,0.140570,18,9,0,0
A146,11075452,Does Oracle have any built-in hash function?,: Is there any hash function in PL/SQL? I have a column with NCLOB database type in Oracle 11g. I need to get a hash value for its content. How can I do this using any built-in Oracle function or inside a PL/SQL SP in Oracle?,oracle-database|hash|plsql,5595774,Is there any hash function in PL/SQL?,"I'm looking for a Hash function in PL/SQL, to get the hash of a varchar. I found a package in Oracle 10 called dbms_crypto with a function dbms_crypto.hash and even other package dbms_sqlhash.getHash, however where I called them, I've got a message like it cannot find them... Does somebody know how can I call them?? Is there any other package? Here's my code DECLARE l_textToHash VARCHAR2(19) := 'toto123'; l_ccn_raw RAW(128) := utl_raw.cast_to_raw(l_textToHash); l_encrypted_raw RAW(2048); BEGIN d",oracle-database|hash|plsql|oracle-sqldeveloper,初审完成，待第二人复核,重复,Codex机器辅助初审,Stack Overflow Possible Duplicate链接,原问题正文明确指向另一问题为Possible Duplicate。,0.370605,28,28,1,0,相关但不重复,0.358915,28,28,1,1
A147,41874091,Listview shows 4 records. DataGridView shows 3 records?,"Originally I was using a Listview to display the oracle results however I've recently had to switch to a datagridview to work with the results a bit more than the Listview allows. Since switching to a datagrid however I am getting less results. I've been stepping through the code and haven't been able to determine where the problem occurs. This is frmMain where I display the results. private void button1_Click(object sender, EventArgs e) { dtpicker.Format = DateTimePickerFormat.Custom; dtpicker.",c#|oracle-database|datagridview,44012638,Mapping a single row with a BLOB column using iBatis is very slow,"Please help me crack this issue, basically a single row is being retrieved from a Oracle db that contains a BLOB column (size of the BLOB is about 350k) and map to a Java object using iBatis 2.5 but the mapping part (result is mapped to a resultmap) is taking around 40 seconds to be complete. Do you maybe know what can be the bottleneck in this situation ?",java|sql|oracle-database|blob|ibatis,初审完成，待第二人复核,不相关,Codex机器辅助初审,跨簇低相似保守负例初审,来自不同基线簇且无共享核心标题词；需第二位人工标注者复核。,0.010991,38,34,0,0,不相关,0.011806,9,34,0,0
A148,237327,How to UPSERT (update or insert into a table?),"The UPSERT operation either updates or inserts a row in a table, depending if the table already has a row that matches the data: if table t has a row exists that has key X: update t set mystuff... where mykey=X else insert into t mystuff... Since Oracle doesn't have a specific UPSERT statement, what's the best way to do this?",sql|oracle-database|merge|upsert,4015199,oracle sql: update if exists else insert,": Oracle: how to UPSERT (update or insert into a table?) Hi, I have a table in which a record has to be modified if it already exists else a new record has to be inserted. Oracle sql doesnt accept IF EXISTS , otherwise I would have done an if - update - else - insert query. I've looked at MERGE but it only works for multiple tables. What do i do?",sql|oracle-database,初审完成，待第二人复核,重复,Codex机器辅助初审,Stack Overflow Possible Duplicate链接,原问题正文明确指向另一问题为Possible Duplicate。,0.470508,25,25,1,0,相关但不重复,0.452399,25,25,1,1
A149,1940579,SQL Inner join on select statements,"I am trying to make an inner join on a select statement like this: select * from (select* from bars where rownum <= 10 )as tab1 inner join (select * from bars where rownum <= 10 )as tab2 on tab1.close=tab2.close and I get the following error: ORA-00933 SQL command not properly ended Any help would be appreciated, thank you!",sql|oracle-database|ora-00933,1940695,SQL Inner join on select statements,": SQL Inner join on select statements I am trying to make an inner join on a select statement like this: select * from (select* from bars where rownum <= 10 )as tab1 inner join (select * from bars where rownum <= 10 )as tab2 on tab1.close=tab2.close and I get the following error: ORA-00933 SQL command not properly ended Any help would be appreciated, thank you!",sql|oracle-database|ora-00933,初审完成，待第二人复核,重复,Codex机器辅助初审,Stack Overflow Possible Duplicate链接,原问题正文明确指向另一问题为Possible Duplicate。,0.999061,4,4,1,1,重复,0.992788,4,4,1,1
A150,14316734,Long Column not spooling properly,: Max column width in Oracle spool to file I have a LONG column in a table. I want to spool the contents of this column into a spool file. I have written the below file and am running it. The problem is that only the first 81 characters of each line are written in the spool file. I have set the linesize as 100000 but still the problem persists. What changes do I need to make to get the f? set head on set linesize 100000 set pagesize 50000 set long 100000 set echo on set trimspool on set colsep ',sql|oracle-database|spool,4156527,Max column width in Oracle spool to file,"I have a script like this: SET ECHO OFF SET FEEDBACK OFF SET VERIFY OFF SET HEADING OFF SET TERMOUT OFF SET TRIMOUT ON SET TRIMSPOOL ON SET WRAP OFF SET LINESIZE 32000 SET LONG 32000 SET LONGCHUNKSIZE 32000 SET SERVEROUT ON SPOOL C:\Export.txt SELECT XMLELEMENT(""element1"",xmlelement(""element2"",xmlattributes(.....))) FROM --TABLENAME-- WHERE --CONDITIONS-- The output should be a file containing a list of rows with the complex xml inside, but when the length of the XML generated is longer than 200",oracle-database|sqlplus|oracle-xml-db-repository,初审完成，待第二人复核,重复,Codex机器辅助初审,Stack Overflow Possible Duplicate链接,原问题正文明确指向另一问题为Possible Duplicate。,0.524546,41,22,0,0,相关但不重复,0.512486,41,41,1,1
A151,50448956,PLSQL Insert and update another table with trigger,"I am new to plsql; I have 2 tables, tableA and tableB. tableA is my main table. After insert or update on tableA I want to update it with its related table. For example: tableA has the column named 'GID_FROM_B' and tableB has the column named 'GID'. I can match this table's values with id and counter. According to below table I want to add values of (2, 5, '') to tableA from my interface. And gid_from_b will be updated with trigger. And I wrote the trigger below. tableA: id | counter | gid_from_",sql|oracle-database|plsql|triggers|database-trigger,59329738,"Oracle SQL Trigger: After Update, Insert Rows into Another Table","I am trying to write a trigger on one table that is triggered when the quantity in stock = 0. It will then add a row to another table with the product_id and store_id to indicate that item needs to be evaluated for reorder. After over 4 hours of searching and trying, I made an account here. I'm a new user and this could be totally off. This is my latest attempt: CREATE OR REPLACE TRIGGER ORDERS_AFTER_UPDATE AFTER UPDATE OF QUANTITY_STOCK ON INVENTORY FOR EACH ROW WHEN (NEW.QUANTITY_STOCK - OLD.Q",sql|oracle-database|sql-insert|database-trigger,初审完成，待第二人复核,相关但不重复,Codex机器辅助初审,同簇高相似困难负例初审,共享错误码或多个核心术语，但具体输入、环境或解决目标不同；需第二位人工标注者复核。,0.281409,44,49,0,0,相关但不重复,0.277482,44,32,0,0
A152,12538926,Database query to search using address,"I am developing a search functionality to search for dealers by their address(i.e. by postcode(zip) or by name or by city)for my project. user will be provided with only one html input field to enter the search term (users can enter only one search term at a time, i.e. either zip code or name or city (combinations are not allowed)). The conditions to develop a query are as below When user search by zip code, matched results should be displayed in descending order When user search by name matched",sql|oracle-database,12544953,how to write a database query to search for the customers using address,": Database query to search using address I am developing a search functionality to search for dealers by their address (i.e by postcode(zip) or by name or by city) for my project. User will be provided with only one html input field to enter the search term (users can enter only one search term at a time i.e either zip code or name or city (combinations are not allowed)). The conditions to develop a query are as below when user search by zip code, matched results should be displayed in descendin",sql|oracle-database,初审完成，待第二人复核,重复,Codex机器辅助初审,Stack Overflow Possible Duplicate链接,原问题正文明确指向另一问题为Possible Duplicate。,0.949367,39,39,1,1,重复,0.919574,39,39,1,1
A153,27094858,Missing right parenthesis in SQL when using MINUS,"I am getting a ""missing right parenthesis"" error message for the below code; I don't understand why. select region_name, avg(population) as atlagos_lakossag from world_regions, countries where world_regions.region_id = countries.region_id group by region_name minus select region_name, min(lol) as atlagos_lakossag from (select region_name, avg(population) as lol from countries, world_regions where world_regions.region_id = countries.region_id group by region_name);",sql|oracle-database,67435199,Oracle - ORA-00907: missing right parenthesis,"I just can't find what is wrong here. Trying to select path to the article pictures. ORA-00907: missing right parenthesis select artnr, listagg(path, bildnr '.' filtyp) within group (order by bildnr) as sökväg from kund where knr in (select knr from kundorder where ordnr in (select ordnr from orderrad where artnr in (select artnr from artikel where bildnr in (select bildnr from artikelbild)))) order by artnr;",sql|oracle-database|listagg,初审完成，待第二人复核,相关但不重复,Codex机器辅助初审,同簇高相似困难负例初审,共享错误码或多个核心术语，但具体输入、环境或解决目标不同；需第二位人工标注者复核。,0.423851,39,39,1,0,相关但不重复,0.435358,39,39,1,1
A154,49987823,Oracle External Tables do not return data,"for instance I have this file downloaded from wikipedia After donwload and unzip I am trying to return the data using external tables, but no data is returned. I realized (or I guess) that the delimiter in the file is space char(' '). Here is my code : CREATE TABLE Funcionarios_Externa ( Campo1 VARCHAR2(4000) ,campo2 VARCHAR2(4000) ,campo3 VARCHAR2(4000) ,campo4 VARCHAR2(4000) ,campo5 VARCHAR2(4000) ) ORGANIZATION EXTERNAL ( TYPE ORACLE_LOADER DEFAULT DIRECTORY DADOS_LOGISTICA ACCESS PARAMETERS ",oracle-database,50993635,XML Table to RDBMS,"I am converting XML table to RDBMS but it is taking 3 hours for 300K records and 30 columns. My query looks like below: SELECT CAST (EXTRACTVALUE (XMLRECORD, '(/row/c202)[1]') AS VARCHAR2 (15)) AS RECORD_STATUS, CAST (EXTRACTVALUE (XMLRECORD, '(/row/c203)[1]') AS VARCHAR2 (15)) AS CURR_NO, CAST (EXTRACTVALUE (XMLRECORD, '(/row/c204)[1]') AS VARCHAR2 (15)) AS INPUTTER, CAST (EXTRACTVALUE (XMLRECORD, '(/row/c205)[1]') AS VARCHAR2 (15)) AS DATE_TIME, CAST (EXTRACTVALUE (XMLRECORD, '(/row/c206)[1]')",sql|oracle-database|xml-parsing,初审完成，待第二人复核,不相关,Codex机器辅助初审,跨簇低相似保守负例初审,来自不同基线簇且无共享核心标题词；需第二位人工标注者复核。,0.054930,21,6,0,0,不相关,0.058380,21,6,0,0
A155,49362125,Oracle SQL - convert a varchar2 into a date,"I have a problem with converting a varchar2 fields into a date format. I got 2 columns with the datatyp varchar2, one is called qtime the other is called ztime. Both fields contain strings in this format (f.e. 152015 -> would be a timestamp 15:20:15). For reporting reasons I need to convert this fields into a date format, afterwards I want to substract (qtime-ztime) the fields an convert them into the format [hh] (f.e. after the operation 01:20:00 would be -> 01). Is it possible to to this withi",sql|oracle-database|date-arithmetic,75214742,Convert varchar2 to date function in View,I have a column in view thats has literals as '26Jul2022 10:05:52:209' and has datatype as varchar2. I need to convert this column datatype into Date. How can I do that?,sql|oracle-database|plsql,初审完成，待第二人复核,相关但不重复,Codex机器辅助初审,同簇高相似困难负例初审,共享错误码或多个核心术语，但具体输入、环境或解决目标不同；需第二位人工标注者复核。,0.237031,39,39,1,0,相关但不重复,0.220491,39,39,1,1
A156,44285753,Average with a condition Oracle,"I have the data in the follow way from Oracle database: check HR Serie Name 14:00:31 13:59:19 6120 A 14:10:31 13:59:21 6120 A 14:00:31 13:57:19 6120 A 14:04:01 14:02:00 6120 B 14:06:01 14:02:14 6120 B 14:04:01 14:04:00 6120 B 14:04:01 14:02:00 7100 A 14:08:01 14:03:00 7100 A 14:04:01 14:04:00 7100 A I want to calculate the average of the column 'HR' for each serie and name (both), but if only the value of column check is the same . The result would be: check AVG(HR) Serie Name 14:00:31 13:58:19 ",sql|oracle-database|conditional-statements|average,5137789,oracle 10g foreign key constraints,ALTER TABLE employees ADD CONSTRAINT emp_dno_fk FORIEGN KEY(Dno) REFERENCES Departments(Dno); When I use this command it shows an error like CONSTRAINT Specification not allowed here. But when I use this command it works: ALTER TABLE employees ADD CONSTRAINT emp_dno_fk Dno REFERENCES Departments(Dno); Can anyone tell me why Oracle doesn't allow FOREIGN KEY KEYWORD in the first command?,oracle-database|foreign-keys,初审完成，待第二人复核,不相关,Codex机器辅助初审,跨簇低相似保守负例初审,来自不同基线簇且无共享核心标题词；需第二位人工标注者复核。,0.015036,6,33,0,0,不相关,0.011267,45,33,0,0
A157,337335,Oracle table change monitor,I have a java application that is connected to a view on a remote Oracle db. Does anyone know of a way in Java to monitor this table for changes? I.e. if there are inserts of updates etc I would need to react.,java|oracle-database,8600354,How will my java come to know if anything gets updated in database?,: Oracle table change monitor This is the question that is asked to me in one of the interviews: I need to call some java method as soon as something gets updated in database. Can I call some java method through SQL trigger?,java|oracle-database,初审完成，待第二人复核,重复,Codex机器辅助初审,Stack Overflow Possible Duplicate链接,原问题正文明确指向另一问题为Possible Duplicate。,0.303163,42,42,1,0,相关但不重复,0.283503,42,42,1,1
A158,3599211,Oracle: LONG or CLOB?,"From these two threads, Why is LONG an issue with Oracle? Is it possible to read a CLOB from a remote Oracle database? LONG is archaic and deprecated. Oracle says , Do not create tables with LONG columns. Use LOB columns (CLOB, NCLOB) instead. LONG columns are supported only for backward compatibility. Oracle also recommends that you convert existing LONG columns to LOB columns. LOB columns are subject to far fewer restrictions than LONG columns. Further, LOB functionality is enhanced in every r",database|oracle-database|clob,75977379,How to Change LONG to CLOB in Oracle,"How can I Change LONG datatype to CLOB in Oracle with function? ALTER TABLE ""TABLE_NAME"" ADD ""CLOB_NAME"" CLOB; UPDATE ""TABLE_NAME"" SET ""CLOB_NAME"" = TO_CLOB(""LONG_NAME""); ALTER TABLE ""TABLE_NAME"" DROP CLOUMN ""LONG_NAME""; ALTER TABLE ""TABLE_NAME"" RENAME CLOUMN ""CLOB_NAME"" TO ""LONG_NAME""; I don't wanna use that code because I can't change the table element and doesn't have any permission.",oracle-database|plsql|clob,初审完成，待第二人复核,相关但不重复,Codex机器辅助初审,同簇高相似困难负例初审,共享错误码或多个核心术语，但具体输入、环境或解决目标不同；需第二位人工标注者复核。,0.263361,41,41,1,0,相关但不重复,0.259819,41,41,1,1
A159,30703251,How to split column value in Oracle sql,How to split a column value which is not having space or any other delimiter. I searched the forums but I couldn't able to find the solution for my scenario. Here is my scenario ID Column_Value 011 abcdefgh The result should be Column_Value1 Column_Value2 abcd efgh,sql|oracle-database,68948805,split column value into multiple columns in oracle sql,I have data into table like this: I want the output like this: how we can achive this with orace sql statment.Kindly assist.,sql|oracle-database,初审完成，待第二人复核,相关但不重复,Codex机器辅助初审,同簇高相似困难负例初审,共享错误码或多个核心术语，但具体输入、环境或解决目标不同；需第二位人工标注者复核。,0.393071,7,37,0,0,相关但不重复,0.444423,7,7,1,1
A160,23092233,Find the minimum value of a SQL table attribute and create a new table of attributes?,"I have three SQL tables. The first is SCUBA_CLASSES with attributes CLASSID and CLASSNAME. Second is a table called STUDENTS with attributes STUDENTID and AGE. Third is a table TAKES_CLASS with attributes STUDENTID and COURSEID. How do I create a new table that displays the CLASSID and CLASSNAME of the youngest student in the group? I have: CREATE TABLE YOUNGEST_STUDENT_ENROLLMENT SELECT SCUBA_CLASSES.CLASSID AS CLASSID, SCUBA_CLASSES.CLASSNAME AS CLASSNAME FROM SCUBA_CLASSES, STUDENTS, TAKES_CL",sql|oracle-database,74748141,Oracle crash creating/executing view from another view in a CTE,"I'm trying to create a view of a CTE in Oracle 19c, but any attempt to execute the SQL or create a view from it results in a crash of the session process, giving me a ""No more data to read from socket"" in SQL Developer and terminating my session. I've got a table, DATA, with a few columns, including PROJECT_ID and DATA_IDENTITY. I can select from this table just fine. I've created a recursive CTE that does some work on this table, resulting in a subset of the data being returned when the view is",sql|oracle-database|common-table-expression|oracle19c,初审完成，待第二人复核,不相关,Codex机器辅助初审,跨簇低相似保守负例初审,来自不同基线簇且无共享核心标题词；需第二位人工标注者复核。,0.069499,29,16,0,0,不相关,0.065924,29,16,0,0
A161,35706662,Oracle: column ambigously defined,"I am getting the following error. As far as I can see are all columns defined by table name, so I do not see why I get this error from my Oracle database. OCIError: ORA-00918: column ambiguously defined: SELECT * FROM ( SELECT raw_sql_.*, rownum raw_rnum_ raw_sql_ WHERE rownum <= 25 ) WHERE raw_rnum_ > 0",database|oracle-database|performance,5608697,Have error while creating table in oracle?,"I have an error in creating table with following command: Create table Sells (Store_name varchar2(20) no null, ISBN char(15) not null, Unit_price number(3,2) not null, Shipping_fee number(3,2) not null, primary key(Store_name, ISBN), foreign key (Store_name) references Bookstore(Name) on delete cascade, check(Unit_price>0), foreign key (ISBN) references Books(ISBN) on delete cascade; It says: ORA-00907: missing right parenthesis Not able to figure out where is the mistake. Anyone provide some he",sql|oracle-database,初审完成，待第二人复核,不相关,Codex机器辅助初审,跨簇低相似保守负例初审,来自不同基线簇且无共享核心标题词；需第二位人工标注者复核。,0.074635,4,33,0,0,不相关,0.064176,4,33,0,0
A162,10812329,Oracle (on server) - Excel connection,I've linked a couple of Oracle XE 11G views to Excel. I can import those views via the ODBC wizard in Excel and it works fine like that. The only thing is that both Oracle and Excel are on the same local client computer. I'd like to have the Oracle XE database on a server and have Excel on client computers and still be able to connect. To basicly view Oracle data from a server in Excel. Is there any way to achieve this? Thanks,oracle-database|excel|odbc,23866636,the parameter form in Oracle Reports 11g do not display when run from Oracle Forms 11g,"I have converted the oracle forms and reports 5 to 10g and then to 11g, the reports compiled and run successfully in 11g, but don't display the parameter form created in Reports Builder. I am using web.show_document with '&paramform=yes' but the parameter form developed in Report builder do not display. only a default parameter form is displayed.",oracle-database|oracle11g|oracleforms|oraclereports,初审完成，待第二人复核,不相关,Codex机器辅助初审,跨簇低相似保守负例初审,来自不同基线簇且无共享核心标题词；需第二位人工标注者复核。,0.036508,10,32,0,0,不相关,0.035640,10,32,0,0
A163,51124896,Create trigger to insert After Update the table,"Create a trigger named trigger_contact_af_update that is triggered whenever the contact table is updated. This trigger will insert the org_name and action into the table contact_log_history after the update of contact details. The action name in the affected log table contact_log_history is 'After_Update_Contact' . Hints: Trigger name : trigger_contact_af_update Table name : contact_log_history Field names : org_name,action Action : 'After_Update_Contact'. The table structure of contact_log_hist",oracle-database|triggers,59329738,"Oracle SQL Trigger: After Update, Insert Rows into Another Table","I am trying to write a trigger on one table that is triggered when the quantity in stock = 0. It will then add a row to another table with the product_id and store_id to indicate that item needs to be evaluated for reorder. After over 4 hours of searching and trying, I made an account here. I'm a new user and this could be totally off. This is my latest attempt: CREATE OR REPLACE TRIGGER ORDERS_AFTER_UPDATE AFTER UPDATE OF QUANTITY_STOCK ON INVENTORY FOR EACH ROW WHEN (NEW.QUANTITY_STOCK - OLD.Q",sql|oracle-database|sql-insert|database-trigger,初审完成，待第二人复核,相关但不重复,Codex机器辅助初审,同簇高相似困难负例初审,共享错误码或多个核心术语，但具体输入、环境或解决目标不同；需第二位人工标注者复核。,0.284533,44,49,0,0,相关但不重复,0.271449,44,32,0,0
A164,46841165,Using the quote operator in Oracle to insert a semi-colon,"I have the following SQL for updating CSS in an existing table, SET DEFINE OFF; UPDATE SCHEMANAME.template SET body = q'[ <style type=""text/css""> #header { background-color:#004F5D; height:100px; position:relative; }]' WHERE name = 'CSS'; The template table has the following structure, NAME NOT NULL VARCHAR2(150) SUBJECT NOT NULL VARCHAR2(4000) BODY NOT NULL CLOB VERSION NUMBER(18) However, when I run the update statement with sqlplus I receive, ERROR: ORA-01756: quoted string not properly termi",sql|oracle-database|unix|sqlplus,65300200,Query in oracle for periods of time,"I have the following question, I have been trying to get the sum of the values ​​of a column in a certain period of time. For example, from May-2019 to May 2020, I have tried to implement a Join between the same entity but also a case but it has not been successful., for example I have this table: --------------------------------- | PRODUCT | VALUE | MONTH | YEAR | --------------------------------- | P1 | 10 | 2 | 2019 | | P1 | 5 | 3 | 2020 | | P1 | 22 | 4 | 2019 | | P1 | 4 | 2 | 2019 | | P2 | 4",sql|oracle-database,初审完成，待第二人复核,不相关,Codex机器辅助初审,跨簇低相似保守负例初审,来自不同基线簇且无共享核心标题词；需第二位人工标注者复核。,0.017206,20,6,0,0,不相关,0.016975,41,6,0,0
A165,1120706,Is there an Oracle SQL query that aggregates multiple rows into one row?,"I have a table that looks like this: A 1 A 2 B 1 B 2 And I want to produce a result set that looks like this: A 1 2 B 1 2 Is there a SQL statement that will do this? I am using Oracle. Related questions: Returning multiple rows from a single row My question is close to the opposite of this question. Use LINQ to concatenate This is exactly what I want to do, but without LINQ.",sql|oracle-database|aggregation|string-concatenation,8508078,Display multiple values of a column in one row (SQL Oracle),: Is there an Oracle SQL query that aggregates multiple rows into one row? I'm trying to to create a SQL query that can return data from a table to display multiple values of a column in one row. For example this is the table setup: SEQ ROWSEQNUM ASSISTING_ASSOCIATES 100 2 19332816 100 1 1366344 103 1 12228238 104 1 1366474 I need to query results to look like this: SEQ ROWSEQNUM ASSISTING_ASSOCIATES 100 1 1366344; 19332816 103 1 12228238 104 1 1366474 Does anybody have any insight?,sql|oracle-database,初审完成，待第二人复核,重复,Codex机器辅助初审,Stack Overflow Possible Duplicate链接,原问题正文明确指向另一问题为Possible Duplicate。,0.301380,6,7,0,0,相关但不重复,0.306086,6,7,0,0
A166,12003127,"Oracle <> , != , ^= operators","I want to know the difference of those operators, mainly their performance difference. I have had a look at Difference between <> and != in SQL , it has no performance related information. Then I found this on dba-oracle.com , it suggests that in 10.2 onwards the performance can be quite different. I wonder why? does != always perform better then <> ? NOTE: Our tests, and performance on the live system shows, changing from <> to != has a big impact on the time the queries return in. I am here to",sql|database|performance|oracle-database|query-optimization,13740732,difference between <> and !=,": Oracle <> , != , ^= operators in sql, what is the difference between <> and != , we can use both for "" NOt Equal to "". is there any difference in between them? ex. select * from student where no != 2; & select * from student where no <> 2; is any advantage of using one insted of another? What are the main factors because of which != is not made as ISO standard",sql|sql-server|oracle-database,初审完成，待第二人复核,重复,Codex机器辅助初审,Stack Overflow Possible Duplicate链接,原问题正文明确指向另一问题为Possible Duplicate。,0.267999,13,13,1,0,相关但不重复,0.237498,13,13,1,1
A167,4217293,What does a (+) sign mean in an Oracle SQL WHERE clause?,": Oracle: What does (+) do in a WHERE clause? Consider the simplified SQL query below, in an Oracle database environment (although I'm not sure that it's Oracle-specific): SELECT t0.foo, t1.bar FROM FIRST_TABLE t0, SECOND_TABLE t1 WHERE t0.ID (+) = t1.ID; What is that (+) notation for in the WHERE clause? I'm sorry if this is an ignorant newbie question, but it's been extremely difficult to search for on Google or StackOverflow... because even when using quote marks, search engines see a '+' sig",sql|oracle-database,430274,Oracle: What does `(+)` do in a WHERE clause?,"Found the following in an Oracle-based application that we're migrating (generalized) : SELECT Table1.Category1, Table1.Category2, count(*) as Total, count(Tab2.Stat) AS Stat FROM Table1, Table2 WHERE (Table1.PrimaryKey = Table2.ForeignKey(+)) GROUP BY Table1.Category1, Table1.Category2 What does (+) do in a WHERE clause? I've never seen it used like that before.",sql|oracle-database|operators,初审完成，待第二人复核,重复,Codex机器辅助初审,Stack Overflow Possible Duplicate链接,原问题正文明确指向另一问题为Possible Duplicate。,0.109706,35,27,0,0,不相关,0.152760,25,27,0,0
A168,60675555,Oracle service cloud Rnow- pulling custom reports via api,"Trying to pull custom reports in service cloud rnow. However, am not seeing the custom ones in the list. API returning only predefined reports.",oracle-database|rightnow-crm,75114278,Drop a Temp Table If Exists In Oracle,"I am a new user to Oracle but have advanced knowledge of SQL Server. When working with temp tables in SQL Server we would always check to see if the table existed and drop it if it did before creating a new one. This would allow for the SQL script to be executed over and over without an error. IF OBJECT_ID(N'tempdb..#CnsmrHstRwNm', N'U') IS NOT NULL DROP TABLE #CnsmrHstRwNm; CREATE TABLE #CnsmrHstRwNm; I cannot seem to be able to do the same in Oracle. I have researched several ideas, including ",oracle-database,初审完成，待第二人复核,不相关,Codex机器辅助初审,跨簇低相似保守负例初审,来自不同基线簇且无共享核心标题词；需第二位人工标注者复核。,0.006760,6,25,0,0,不相关,0.006457,6,25,0,0
A169,34961331,Column ambiguously defined error oracle sql,"I have a problem in the following sql code.I have a table like this: Student( st_id ,st_fname,st_lname) and Visitings( visit_id ,st_id,visit_cost). What I want to do is to select average visit_cost for per student where it is more than 500, then st_fname and st_lname. And I have written the following code: select avg (v.visit_cost) as average_cost, s.st_fname, s.st_lname from student s inner join visitings v on s.st_id=v.st_id group by st_id having avg(v.visit_cost)>=500; In output it shows ""col",mysql|sql|oracle-database|inner-join|having-clause,37851430,Select error : ORA-00918: column ambiguously defined,"I am trying to get some data from 2 synonyms by specific BENEFICIARY_CIVIL_NUMBER but I get an error SELECT n.NAME_A, m.MOTHER_NAME_A FROM S_S_CSPF_NRS_PERSON_V N, S_S_CSPF_NRS_MOTHER_V M WHERE BENEFICIARY_CIVIL_NUMBER = 1111111",sql|oracle-database,初审完成，待第二人复核,相关但不重复,Codex机器辅助初审,同簇高相似困难负例初审,共享错误码或多个核心术语，但具体输入、环境或解决目标不同；需第二位人工标注者复核。,0.446618,4,4,1,0,相关但不重复,0.445734,4,4,1,1
A170,17748351,"PLS-00103: Encountered the symbol ""end-of-file"" compile error","Can't find anything wrong with this, but it compiles with errors. Anyone see what I am blind to? CREATE OR REPLACE FUNCTION myusername.fun_hr_format_phone (tmp in VARCHAR2) RETURN VARCHAR2 IS tmpVar VARCHAR2(12); BEGIN SELECT DECODE( LENGTH(tmp), 10, SUBSTR(tmp,1,3) || '-' || SUBSTR(tmp,4,3) || '-' || SUBSTR(tmp,7,4), 7, SUBSTR(tmp,1,3) || '-' || SUBSTR(tmp,4,4), tmp ) INTO tmpVar FROM dual; RETURN tmpVar; EXCEPTION WHEN NO_DATA_FOUND THEN NULL; WHEN OTHERS THEN RAISE; END; /",sql|oracle-database|pls-00103,20783788,"PLS-00103 Encountered the symbol "" "" error in CASE","I have simply written CASE statement in the procedure as below (case when (T1.DEVICEHOLD = 'Z1' or T2.ISHOLD = 1) then 1 else 0 END) AS HOLD But when I'm compling procedure its giving an error Compilation errors for PACKAGE BODY Error: PLS-00103: Encountered the symbol ""Z1"" when expecting one of the following: * & = - + ; at in is mod remainder not rem or != or ~= >= and or like LIKE2_ LIKE4_ LIKEC_ between || multiset member SUBMULTISET_ The symbol ""* was inserted before ""Z1"" to continue. Could",oracle-database|plsql|syntax-error|pls-00103,初审完成，待第二人复核,相关但不重复,Codex机器辅助初审,同簇高相似困难负例初审,共享错误码或多个核心术语，但具体输入、环境或解决目标不同；需第二位人工标注者复核。,0.419287,26,26,1,0,相关但不重复,0.409147,26,26,1,1
A171,24933104,hierarchical query on Oracle,"I'm trying to write a hierarchical query on Oracle that involves two tables: GeoNodes Name, uuid, lat, lon GeoParents parent_uuid, child_uuid Example data: GeoNodes Name UUID lat lon test1 123 0 0 test2 124 0 0 test3 125 0 0 test4 126 0 0 GeoParents parent_uuid child_uuid 123 124 123 125 124 126 In this example, I have: test1 parent of test2 and test3 test2 parent of test4 There is no null values in geoparents table. On geoparents there are two FK (one for child and one for parent) on uuid colum",sql|oracle-database,67386649,How do i make a hierarchical Oracle query?,"i have the following data: structure: id parent_id 1 null 1.1 1 1.1.1 1.1 1.1.2 1.1 2 null 2.1 2 2.1.1 2.1 2.2 2 2.2.1 2.2 values: id value 1.1.1 10 1.1.1 15 1.1.2 5 2.1.1 20 2.2.1 10 i want to bring the following result: id value 1 30 1.1 30 1.1.1 25 1.1.2 5 2 30 2.1 20 2.1.1 20 2.2 10 2.2.1 10 i need a oracle query to bring me this result, any idea how to do this? PS: i know how to solve this problem with subselect, however i need a more efficient way",sql|oracle-database,初审完成，待第二人复核,相关但不重复,Codex机器辅助初审,同簇高相似困难负例初审,共享错误码或多个核心术语，但具体输入、环境或解决目标不同；需第二位人工标注者复核。,0.194664,13,6,0,0,相关但不重复,0.188805,13,6,0,0
A172,17070470,Missing right parenthesis in Oracle query,"I am trying to find, for shop S9, the friend of the user who posted the most number of reviews for it. I have the following query: select friend_id from friends where user_id = ( select author_id from posted_reviews_tab where rownum <= 1 and reviewid in ( select w.reviews.reviewid from wall_tab w where w.shopid = 'S9' ) group by author_id order by count(author_id) desc ); I get the following error: SQL Error: ORA-00907: missing right parenthesis 00907. 00000 - ""missing right parenthesis""",sql|oracle-database,67435199,Oracle - ORA-00907: missing right parenthesis,"I just can't find what is wrong here. Trying to select path to the article pictures. ORA-00907: missing right parenthesis select artnr, listagg(path, bildnr '.' filtyp) within group (order by bildnr) as sökväg from kund where knr in (select knr from kundorder where ordnr in (select ordnr from orderrad where artnr in (select artnr from artikel where bildnr in (select bildnr from artikelbild)))) order by artnr;",sql|oracle-database|listagg,初审完成，待第二人复核,相关但不重复,Codex机器辅助初审,同簇高相似困难负例初审,共享错误码或多个核心术语，但具体输入、环境或解决目标不同；需第二位人工标注者复核。,0.595005,39,39,1,1,重复,0.577075,39,39,1,1
A173,30484994,oracle group by returning more that one row of the same values,"My query is returning the same values using a group by. Can anyone explain this to me why it is like that or what i am doing wrong . QUERY: SELECT ID, LAST_DAY(EXPDATE) EXPDATE, SUM(BASEUNITS) AS BASEUNITS, SUM(BONUSUNITS) AS BONUSUNITS FROM TABLE WHERE ID= '10' GROUP BY ID, EXPDATE RESULTS : ID EXPDATE BASEUNITS BONUSUNITS 10 2016/04/30 12:00:00 AM 8560 0 10 2016/04/30 12:00:00 AM 8560 0",sql|oracle-database|group-by,60177415,Oracle: group values in a one row,"I have different events stored in a table RESERVATION EVENT DATE -------------------------------------------------------------- 111 CHECK IN 2020-02-01 00:00 111 CHECK OUT 2020-02-01 10:30 111 DOCUMENT RECEPTION 2020-02-03 14:15 I need group all the data in one row, like this RESERVATION CHECK IN CHECK OUT DOCUMENT RECEPTION ------------------------------------------------------------------------- 111 2020-02-01 00:00 2020-02-01 10:30 2020-02-03 14:15 THX",oracle-database,初审完成，待第二人复核,相关但不重复,Codex机器辅助初审,同簇高相似困难负例初审,共享错误码或多个核心术语，但具体输入、环境或解决目标不同；需第二位人工标注者复核。,0.271663,6,6,1,0,相关但不重复,0.273865,6,6,1,1
A174,208811,ODBC x64 oracle problem,"I have a workstation with Windows 2008 x64, MS Access 2007 and Oracle 11g x64 I use Access to connect to Oracle via ODBC. I am the administrator (in the administrator group) on the workstation. I run Access as administrator but when I want to make an ODBC call to Oracle it does not work. How do I do it: I start MS Access and creates a direct query. In the properties dialog I go to add new and the Select datasource dialog appears. I then use machine datasource and click New, System datasource - b",oracle-database|ms-access|odbc|64-bit|ms-access-2007,34681720,SQL complicated join,"I need to join the following 2 tables with the result below this data is basically 2 tables that are joined on multi keys from both tables over some sort of group but i am drawing a blank as to how to accomplish this I am using an Oracle database. thanks <table border=""0""> <tr><td><b>Table 1</b></td><td></td><td><b>Table 2</b></td></tr> <tr> <td> <table border=""1""> <tr> <th>Group</th> <th>Key</th> </tr> <tr> <td>A</td> <td>1</td> </tr> <tr> <td>A</td> <td>2</td> </tr> <tr> <td>B</td> <td>1</td> ",sql|database|oracle-database,初审完成，待第二人复核,不相关,Codex机器辅助初审,跨簇低相似保守负例初审,来自不同基线簇且无共享核心标题词；需第二位人工标注者复核。,0.029698,10,12,0,0,不相关,0.028870,10,12,0,0
A175,5324996,comma-separated list as a result of select statement in Oracle,"I have a table named ""person"". It contains person's id and it's parent id (only one parent is possible). As a result of a query, I want a table with first column - a person id, and a second column - a list of it's children id's. How exactly to do this? I've read about listagg function, but I'm not sure if it is appropriate for my purpose. And this query produces an empty second column: select t1.id, (select t2.id from person t2 where t2.parent_id = t1.id) from person t1 where t1.status = 'parent",sql|oracle-database|subquery|string-aggregation,5399806,Grouping data in oracle table from 2 diff colums,: comma-separated list as a result of select statement in Oracle I Have fields like this in a SQL table: ELEMENT_CODE DIAG_CODE ------------------------ FTD 1234 FTD 1243 FTD 6384 FTD 9938 FLA 9292 FLA 3654 FLA 1122 I need records like this in a report in oracle database: ELEMENT_CODE DIAG_CODE ------------------------ FTD 1234-1243-6374-9938 FLA 9292-3654-1122,sql|oracle-database|string-aggregation,初审完成，待第二人复核,重复,Codex机器辅助初审,Stack Overflow Possible Duplicate链接,原问题正文明确指向另一问题为Possible Duplicate。,0.216602,37,8,0,0,相关但不重复,0.236761,37,8,0,0
A176,1031844,Oracle DB: How can I write query ignoring case?,"As I had written in title, I have SQL query, run on Oracle DB, lets say: SELECT * FROM TABLE WHERE TABLE.NAME Like 'IgNoReCaSe' If I would like, that the query would return either ""IGNORECASE"", ""ignorecase"" or combinations of them, how can this be done?",sql|database|oracle-database,8985838,Ignore Case In Query,: Oracle DB: How can I write query ignoring case? I have an sql query it and the where condition contains english and arabic characters so i can not use toupper or tolower because the arabic characters will be shown as question marks. DBMS is oracle,oracle-database|select|case,初审完成，待第二人复核,重复,Codex机器辅助初审,Stack Overflow Possible Duplicate链接,原问题正文明确指向另一问题为Possible Duplicate。,0.354321,35,35,1,0,相关但不重复,0.364548,35,35,1,1
A177,2667237,Agregate rows in Oracle SQL statement,"I have a table of items stored this way : A1 | B1 A1 | B2 A1 | B3 A2 | B1 A2 | B4 ... And I need to retrieve with a SQL Query : A1 | B1, B2, B3 A2 | B1, B4 ...",sql|oracle-database,4856568,Query to get column value comma separated,"s: Is there an Oracle SQL query that aggregates multiple rows into one row? Agregate rows in Oracle SQL statement I am working with Oracle 10g. I want to have a comma separated String from a column in a table. e.g. Table : Customer Columns: id and name Data: id-------name 1-------John 2-------Galt 3-------Howard 4-------Roark Output of query should be Jon,Galt,Howard,Roark",sql|oracle-database|oracle10g,初审完成，待第二人复核,重复,Codex机器辅助初审,Stack Overflow Possible Duplicate链接,原问题正文明确指向另一问题为Possible Duplicate。,0.165991,47,47,1,0,相关但不重复,0.156474,47,47,1,0
A178,7098748,"ORA-06550: line 1, column 7: PLS-00306: wrong number or types of arguments in call to 'INSERTBILL'","Hi I have problem with calling store procedure on Oracle 10g server. This is my table: -- Create table create table TMOBILE_R_BILLS ( ID VARCHAR2(50) not null, NO VARCHAR2(30) not null, SURNAME VARCHAR2(60) not null, NAME VARCHAR2(60) not null, BILL_MONTH NUMBER not null, VPS_TIME NUMBER not null, VPS_PRICE_WITH_DISCOUNT NUMBER not null, VPS_PRICE_WITHOUT_DISCOUNT NUMBER not null, TMOBILE_TIME NUMBER not null, TMOBILE_PRICE_WITH_DISCOUNT NUMBER not null, TMOBILE_PRICE_WITHOUT_DISCOUNT NUMBER not",c#|oracle-database|odp.net|procedure,27685240,ORA-06550:PLS-00306: wrong number or types of arguments in call;ORA-06550:,"Simple insert operation via vb.net but getting error: ORA-06550: line 1, column 7: PLS-00306: wrong number or types of arguments in call to 'PROCEDURE_NAME' ORA-06550: line 1, column 7: May be I am missing or overlooking something. Some help will be really appreciated. SQL: CREATE OR REPLACE procedure SG.PROCEDURE_NAME( TypeDefinitionFinal in Char, TypeValueFinal in Char, ValidFrom in Char, ValidTo in Char, MethodType in integer, MethodValue in number, Reason in Char, CurrentTimeStamp in Date, L",vb.net|oracle-database|stored-procedures|arguments,初审完成，待第二人复核,相关但不重复,Codex机器辅助初审,同簇高相似困难负例初审,共享错误码或多个核心术语，但具体输入、环境或解决目标不同；需第二位人工标注者复核。,0.381293,9,9,1,0,相关但不重复,0.335142,9,9,1,1
A179,1227259,xml to oracle conversion,"I would like to know whether there are any tools which convert xml data into Oracle tables. I came across Altova's MapForce. But I am not sure whether I could use that for achieving this. Could someone suggest any other alternate option / or any help documentation of Mapforce which talks about this conversion. Thanks, Shafi",xml|oracle-database|altova,14049040,Read data from xml file and populate into oracle table,: xml to oracle conversion I have xml file which has some records. I want it to store this record into oracle table using Java code. What is the best way to achieve this? update xml is <Allitems> <Item> <Thumbnail> ... </Thumbnail> <URL> ... </URL> <Title> ... </Title> <Tag> ... </Tag> <Description> ... </Description> </Item> <Item> <Thumbnail> ... </Thumbnail> <URL> ... </URL> <Title> ... </Title> <Tag> ... </Tag> <Description> ... </Description> </Item> ... ... </Allitems> Table has column lik,java|oracle-database|dom|sax,初审完成，待第二人复核,重复,Codex机器辅助初审,Stack Overflow Possible Duplicate链接,原问题正文明确指向另一问题为Possible Duplicate。,0.305559,25,31,0,0,相关但不重复,0.300262,25,31,0,0
A180,27568801,How to change db sequence start value,"My requirement is as follows. (a) I have already sequence created and one table is (lets assume employee having id,name..etc). (b) Some how my sequence get corrupted and currently current value of sequence is not sync with the max value of id column of employee table. now i want to reset my sequence to the max value of the id column of employee table. i know we can do it easily by using PL/SQL,Stored procedure. but i want to write plain query which will do following tasks. 1- Fetch max value of ",sql|oracle-database,30110492,how to find the start value of an Oracle sequence,I want to get the start value of an Oracle sequence. I use the command SELECT * FROM user_sequences . But there is not the column of start value. Is there an easy way to get the start value?,oracle-database|sequence,初审完成，待第二人复核,相关但不重复,Codex机器辅助初审,同簇高相似困难负例初审,共享错误码或多个核心术语，但具体输入、环境或解决目标不同；需第二位人工标注者复核。,0.471571,42,29,0,0,相关但不重复,0.438174,13,29,0,0
A181,46106079,Oracle LEAD & LAG analytics functions,"I have a temp table using to test and need direction with some analytics function. Still trying to figure out my real solution.. and any help to lead me in right direction will be appreciated. A1 B1 40 5 50 4 60 3 70 2 90 1 Tyring to find the previous value and subtract and add the column SELECT A1, B1, (A1-B1) AS C1, (A1-B1) + LEAD((A1-B1),1,0) OVER (ORDER BY ROWNUM) AS G1 FROM TEST; The output is not what I expect A1 B1 C1 40 5 35 50 4 46 60 3 57 70 2 68 90 1 89 From last rows (5th row), first",oracle-database|lag,79044623,I'm looking for detailed information on how to create a custom LiquiBase ChangeType for DEFAULT ON NULL,"The Oracle database has an option for DEFAULT ON NULL, but LiquiBase does not have a changetype for that. LiquiBase allows you to specify a default value for a column, but that is only used if that value is omitted from the insert statement. If you persist a Hibernate entity that has a property set to null it generates an insert statement that explicitly sets the field to null and the default is not invoked. DEFAULT ON NULL values are used any time a null is persisted into that column, even when",java|oracle-database|liquibase-hibernate,初审完成，待第二人复核,不相关,Codex机器辅助初审,跨簇低相似保守负例初审,来自不同基线簇且无共享核心标题词；需第二位人工标注者复核。,0.021240,47,37,0,0,不相关,0.019526,47,37,0,0
A182,2949226,How can you tell which columns are unused in ALL_TAB_COLS?,"When you query the ALL_TAB_COLS view on Oracle 9i, it lists columns marked as UNUSED as well as the 'active' table columns. There doesn't seem to be a field that explicitly says whether a column is UNUSED, or any view I can join to that lists the unused columns in a table. How can I easily find out which are the unused columns, so I can filter them out of ALL_TAB_COLS?",oracle-database|oracle9i|data-dictionary,3225996,Hidden column significance in table?,"s: metadata for determining unsed columns How can you tell which columns are unused in ALL_TAB_COLS? Hi, I have to fetch only used column names from all_tab_cols only not unsused ,may i know hidden_column column is marked 'Y' for unused_column only or their some other reasons also.",sql|oracle-database|metadata,初审完成，待第二人复核,重复,Codex机器辅助初审,Stack Overflow Possible Duplicate链接,原问题正文明确指向另一问题为Possible Duplicate。,0.370767,30,30,1,0,相关但不重复,0.351686,30,30,1,1
A183,13018588,"How do I do an insert in oracle, and get the ID of the inserted row?",": Get ID of last inserted record in oracle db I am brand new to oracle, having used SQL Server in the past. I have a stored procedure, and I am trying to do two INSERTs one after the other. The second INSERT requires the ID of the first INSERT. Could someone explain how to do it? I'm seeing stuff about SEQUENCE s and nextvalue/curval ? I guess in SQL Server I'd just declare a variable, and use SCOPE_IDENTITY , so I'd be looking to do that.",sql|oracle-database,3131064,Get ID of last inserted record in oracle db,I want to retrieve the id of a newly inserted record with an auto incrementing id column (using the sequence and trigger method). What is the standard way to do this?,oracle-database,初审完成，待第二人复核,重复,Codex机器辅助初审,Stack Overflow Possible Duplicate链接,原问题正文明确指向另一问题为Possible Duplicate。,0.416172,6,7,0,0,相关但不重复,0.418261,6,7,0,0
A184,12181757,Insert in target table and then update the source table field in oracle,"In Oracle, I have a requirement where in I need to insert records from Source to Target and then update the PROCESSED_DATE field of source once the target has been updated. 1 way is to use cursors and loop row by row to achieve the same. Is there any other way to do the same in an efficient way?",oracle-database,39723929,Oracle Function required with certain logic to implement in Spotfire,I have created a Function from Oralce DB and used it as input to Spotfire report. The reason why i used a function instead of view is because the parameters had some complex logic operations and i was not able to get that done in a view. Coming to the report i have built. Currently i am using 2 parameters in the function and i am taking both the values from Spotfire text area in Data on Demand mode. Issue is that unless i enter values for both parameters i wont get the output. My requirement is ,oracle-database|oracle11g,初审完成，待第二人复核,不相关,Codex机器辅助初审,跨簇低相似保守负例初审,来自不同基线簇且无共享核心标题词；需第二位人工标注者复核。,0.047800,32,14,0,0,不相关,0.046414,32,5,0,0
A185,13518506,Oracle - literal does not match format string error,": Simple Oracle query: literal does not match format string I am getting the following error: INSERT INTO CatalogueEntry VALUES('2001-12-10', 2, 14.99, 1, 0) ERROR at line 1: ORA-01861: literal does not match format string ` The first field is a DATE format. Any ideas? Thanks.",sql|database|oracle-database|date-format|ora-01861,4884071,Simple Oracle query: literal does not match format string,"I want to execute a simple function in Oracle. The signature is defined as follows: CREATE OR REPLACE FUNCTION NewCaseListForValidation ( p_fromDate in DATE, p_toDate in DATE, p_rowCount in INT ) RETURN SYS_REFCURSOR IS return_value SYS_REFCURSOR; ... I should be able to execute it with: var rc refcursor exec :rc := newcaselistforvalidation('2010-01-01','2011-01-01',100); print :rc But when typing ""newcaselistforvalidation('2010-01-01','2011-01-01',100)"", I get: ERROR at line 1: ORA-01861: liter",oracle-database|sqlplus|date-format|ora-01861,初审完成，待第二人复核,重复,Codex机器辅助初审,Stack Overflow Possible Duplicate链接,原问题正文明确指向另一问题为Possible Duplicate。,0.550320,45,45,1,1,重复,0.545962,45,45,1,1
A186,4914775,Django inspectdb issue using Oracle database,"Installed cx_oracle and ran inspectdb. Don't seem to get any output? Can somebody help? Is there a known issue using inspectdb with Oracle? Below is the command and settings.py. python manage.py inspectdb --database xxx_db # This is an auto-generated Django model module. # You'll have to do the following manually to clean this up: # * Rearrange models' order # * Make sure each model has one field with primary_key=True # Feel free to rename the models, but don't rename db_table values or field na",python|database|django|oracle-database|inspectdb,74010883,Django inspectdb for Oracle,"I am doing a project and need retrieve tables/models from a Oracle database(version 19c). So I am trying to use Django ‘inspectdb’ to do this. – my settings.py looks like: import cx_Oracle cx_Oracle.init_oracle_client(lib_dir=“/opt/oracle/instantclient_21_7”) DATABASES = { ‘default’: { ‘ENGINE’: ‘django.db.backends.oracle’, ‘NAME’: ‘service name’, ‘USER’: ‘XXX’, ‘PASSWORD’: ‘XXX’, ‘HOST’: ‘’, ‘PORT’: ‘’, ‘OPTIONS’: { ‘threaded’: True, ‘use_returning_into’: False, }, } } – Running these following",django|oracle-database|inspectdb,初审完成，待第二人复核,相关但不重复,Codex机器辅助初审,同簇高相似困难负例初审,共享错误码或多个核心术语，但具体输入、环境或解决目标不同；需第二位人工标注者复核。,0.525672,7,20,0,0,相关但不重复,0.500159,7,20,0,0
A187,24781820,Get all data from an Oracle DB request,"I want to create a general function in c# for sql requests at my oracle db. I want to save all columns to strings. I tried to use the reader.GetString() method but an exception is thrown, saying it is unconvertable... How can I make a function which does that ? string [] request (OracleConnection con, String Table, String condition, String columns, String sort){ //The magic code return ""A string-array with all information""; }",c#|sql|oracle-database,29228045,Create PL/SQL WatchDog/Daemon in Oracle 11gr2,"I should create a watchdog that monitor a field in a table every 5 minutes, in Oracle DB. If field has a specific value (a date older than x) an action should be performed. Is it possible to do it in PL/SQL? If it's not, I should create a script shell and call it from crontab, or maybe use the Scheduler.",oracle-database|plsql,初审完成，待第二人复核,不相关,Codex机器辅助初审,跨簇低相似保守负例初审,来自不同基线簇且无共享核心标题词；需第二位人工标注者复核。,0.037859,9,43,0,0,不相关,0.062075,9,43,0,0
A188,1096853,Calculate difference between 2 date / times in Oracle SQL,I have a table as follows: Filename - varchar Creation Date - Date format dd/mm/yyyy hh24:mi:ss Oldest cdr date - Date format dd/mm/yyyy hh24:mi:ss How can I calcuate the difference in hours minutes and seconds (and possibly days) between the two dates in Oracle SQL? Thanks,oracle-database|date-arithmetic,14217889,Oracle date difference SQL query,": Calculate difference between 2 date / times in Oracle SQL I have a table where PurchasedDate is maintained. I have to get the date from the system and calculate the date difference in days. datediff() is not giving tHe result as I am working in Oracle. Sample table: ProductID Date P101 31-DEC-2012 P102 29-DEC-2011 If P102 is returned today, the difference should be 10. Here is a detailed description BillID ProductID Date 101 P101 31-DEC-2012 101 P102 31-DEC-2012 102 P405 29-JUN-2012 102 P210 2",sql|oracle-database|date-arithmetic,初审完成，待第二人复核,重复,Codex机器辅助初审,Stack Overflow Possible Duplicate链接,原问题正文明确指向另一问题为Possible Duplicate。,0.372371,45,13,0,0,相关但不重复,0.352032,13,13,1,1
A189,12528114,Regular expression in Oracle,"I want to fetch a string pattern in column of table. I am using a query like select CALCULATION_DETAILS from DS_ELEMENT_CALC_PROPERTY where REGEXP_LIKE(CALCULATION_DETAILS, 'fm.get'); I am not able to figure out the exact regexp for my requirement. CALCULATION_DETAILS is clob and it contains a very lengthy string of JavaScript code. It has a syntax like fm.get('11abc') or fm.get('11') or fm.get('ab1c') or fm.get('abc') t. I want to fetch the CALCULATION_DETAILS which has fm.get('11abc') or fm.ge",sql|regex|database|oracle-database|database-administration,33179594,Subexpression in regular expression Oracle,"Why do we need a subexpression in regular expressions in Oracle? It is new feature of Oracle 11g, we can specify which subexpression from pattern we want to find. We can use this parameter in REGEXP_SUBSTR and REGEXP_INSTR . Here is an example from docs: SELECT REGEXP_INSTR('1234567890', '(123)(4(56)(78))', 1, 1, 0, 'i', 2) ""REGEXP_INSTR"" FROM DUAL; REGEXP_INSTR ------------------- 4 But it isn't clear to me, why do we really need this parameter (in the above example we could just use 4(56)(78) ",sql|regex|oracle-database|oracle11g,初审完成，待第二人复核,相关但不重复,Codex机器辅助初审,同簇高相似困难负例初审,共享错误码或多个核心术语，但具体输入、环境或解决目标不同；需第二位人工标注者复核。,0.339922,23,23,1,0,相关但不重复,0.342004,23,23,1,1
A190,22916040,What privileges does an oracle user need for spring batch?,"I have a spring batch admin application. We recently tried to increase security by creating new oracle users with minimal privileges. After replacing the user for the spring batch application, I get this error. exception: org.springframework.dao.DataAccessResourceFailureException: Could not obtain sequence value; nested exception is java.sql.SQLException: ORA-00942: table or view does not exist After looking through the application and tomcat log, I've found that the application tries 3 times to",oracle-database|spring-batch|spring-batch-admin,25175915,"PL/SQL Relational operator <> , != Syntax issue","I am trying below code in pl/sql program. I didn't get my code running through any of the below condition, it just skips all the 'if' conditions. Code snap :--- IF(null != 'C') THEN DBMS_OUTPUT.put_line ('1'); END IF; IF(Trim('') <> 'C') THEN DBMS_OUTPUT.put_line ('2'); END IF; IF(Trim('') != 'C') THEN DBMS_OUTPUT.put_line ('3'); END IF;",sql|database|oracle-database|syntax,初审完成，待第二人复核,不相关,Codex机器辅助初审,跨簇低相似保守负例初审,来自不同基线簇且无共享核心标题词；需第二位人工标注者复核。,0.013856,31,14,0,0,不相关,0.014416,31,1,0,0
A191,13331055,Query too complex for a simple join,: Oracle - How to create a materialized view with FAST REFRESH and JOINS I have one mv UTIL_MONTH and table MET_MONTH both table have 1 million rows per month. I am getting ORA-12015: cannot create a fast refresh materialized view from a complex query. This is the structure of UTIL_MONTH (materialized View) year month customer_id att1 att2 att3 and of MET_MONTH (Table) year month customer_id amt_12wk amt_24wk amt_36wk This is the code to create the materialized view with a fast refresh. create m,oracle-database|materialized-views,7505020,Oracle - How to create a materialized view with FAST REFRESH and JOINS,"So I'm pretty sure Oracle supports this, so I have no idea what I'm doing wrong. This code works: CREATE MATERIALIZED VIEW MV_Test NOLOGGING CACHE BUILD IMMEDIATE REFRESH FAST ON COMMIT AS SELECT V.* FROM TPM_PROJECTVERSION V; If I add in a JOIN, it breaks: CREATE MATERIALIZED VIEW MV_Test NOLOGGING CACHE BUILD IMMEDIATE REFRESH FAST ON COMMIT AS SELECT V.*, P.* FROM TPM_PROJECTVERSION V INNER JOIN TPM_PROJECT P ON P.PROJECTID = V.PROJECTID Now I get the error: ORA-12054: cannot set the ON COMMI",sql|database|oracle-database|oracle11g,初审完成，待第二人复核,重复,Codex机器辅助初审,Stack Overflow Possible Duplicate链接,原问题正文明确指向另一问题为Possible Duplicate。,0.453747,16,16,1,0,相关但不重复,0.447154,16,16,1,1
A192,11956406,How can I get list of defined types within a package in Oracle?,": Metadata regarding PL/SQL package-level record types I have defined some custom types in some packages in an Oracle database. I need a SQL query to get the list of all defined types in a specific package from that Oracle database. Furthermore, By knowing the Object ID of a type, I want to get all the attributes of that type from the Oracle database. I need to know the full specification of each type including its name, its attributes and also the full specification of each attribute including ",sql|database|oracle-database|oracle11g,8804285,Metadata regarding PL/SQL package-level record types,"Suppose you have a PL/SQL package with a RECORD type defined: CREATE OR REPLACE PACKAGE TEST_PACKAGE AS TYPE PERSON_RECORD_TYPE IS RECORD ( first_name VARCHAR2(1000), last_name VARCHAR2(1000) ); END; Is there any way to obtain a list of fields contained within TEST_PACKAGE.PERSON_RECORD_TYPE ? For example, are there any ALL_* views with this information? I am not interested in schema -level record types, only package -level record types.",oracle-database|reflection|plsql,初审完成，待第二人复核,重复,Codex机器辅助初审,Stack Overflow Possible Duplicate链接,原问题正文明确指向另一问题为Possible Duplicate。,0.471811,4,14,0,0,相关但不重复,0.451101,4,14,0,0
A193,8661749,Could not load file or assembly Oracle.DataAccess,"I have an asp.net mvc (EF) project , I had downloaded oracle data provider with version 4.112.2.50 -32bit on my pc when moving project to windows server 2008 (I have the same version of odp-64bit) I have the below problem: Could not load file or assembly 'Oracle.DataAccess' or one of its dependencies. An attempt was made to load a program with an incorrect format. when I toke Oracle the ""Oracle.DataAccess.dll"" from the server and make it with my project reference I have another error message lik",asp.net-mvc|oracle-database|entity-framework|entity-framework-4|odp.net,38898818,Could not load file or assembly 'Oracle.ManagedDataAccess.EntityFramework,"I'm getting this error when i want to start my asp.net web app The given assembly name or codebase was invalid. (Exception from HRESULT: 0x80131047) ... Line 22: { Line 23: public ApplicationDbContext() Line 24: : base(""DefaultConnection"", throwIfV1Schema: false) Line 25: { Line 26: } Its MVC web app connected to oracle database and I used EntinyFramework 6.1.3 over NuGet, I'm using windows 7 64-bit, V.Studio 2015 and 32-bit ODAC 12c Release 4 I tried to set in Visual studio to start in x64 or x",c#|asp.net|.net|oracle-database|entity-framework,初审完成，待第二人复核,相关但不重复,Codex机器辅助初审,同簇高相似困难负例初审,共享错误码或多个核心术语，但具体输入、环境或解决目标不同；需第二位人工标注者复核。,0.329924,27,40,0,0,相关但不重复,0.301158,27,40,0,0
A194,4020786,"Oracle ""(+)"" Operator","I am checking some old SQL Statements for the purpose of documenting them and probably enhancing them. The DBMS is Oracle. I did not understand a statement which read like this: select ... from a,b where a.id=b.id(+) I am confused about the (+) operator, and could not get it at any forums... (searching for + within quotes didn't work either). Anyway, I used 'Explain Plan' of SQLDeveloper and I got an output saying that HASH JOIN, RIGHT OUTER , etc. Would there be any difference if I remove the (",sql|oracle-database|join|outer-join,5304810,Sanity Check: (+) Operator in WHERE Clause for Oracle DB?,": Oracle “(+)” Operator So I was given a script with the following: SELECT BLAH FROM A_TABLE T1, A_TABLE T2, A_TABLE T3 WHERE T2.FIELD_1(+) = T1.FIELD_1 AND T3.FIELD_1(+) = T2.FIELD_1 ... etc a few more AND clauses that do that same thing I need to convert this script to MSSQL Server but I have no clue what this operator is doing. Is it possible that this is some kind of typo?",sql-server|oracle-database,初审完成，待第二人复核,重复,Codex机器辅助初审,Stack Overflow Possible Duplicate链接,原问题正文明确指向另一问题为Possible Duplicate。,0.162102,28,13,0,0,相关但不重复,0.146137,28,13,0,0
A195,50338447,Unlock apex admin account,I run @apxchpwd.sql and unluck the account with this script alter session set current_schema = APEX_050100; declare l_workspace_id number := apex_util.find_security_group_id (p_workspace => 'INTERNAL'); begin wwv_flow_security.g_security_group_id := 10; apex_util.set_security_group_id (p_security_group_id => l_workspace_id); wwv_flow_fnd_user_api.UNLOCK_ACCOUNT('ADMIN'); commit; end; But it doest work. Thanks for any help,oracle-database|oracle-apex-5,55581259,Create list of Seasons and Years as Constant Values,"I want to generate a list of Seasons and Years, ie ( FA2019 , WI2019 , SP2019 , SU2019 ) for current year + 3 years ahead. This would then be fed into another query in the WHERE clause. Right now I have 4 statements for each season that I just UNION them together. Is there a shorter way to do this? SELECT 'FA' || YYYY AS SSYYYY FROM ( SELECT to_number(to_char(SYSDATE, 'YYYY'))+LEVEL-1 AS YYYY FROM dual CONNECT BY LEVEL <= 4) UNION SELECT 'WI' || YYYY AS SSYYYY FROM ( SELECT to_number(to_char(SYS",sql|oracle-database|date|join|recursive-query,初审完成，待第二人复核,不相关,Codex机器辅助初审,跨簇低相似保守负例初审,来自不同基线簇且无共享核心标题词；需第二位人工标注者复核。,0.002117,49,37,0,0,不相关,0.002086,49,37,0,0
A196,51704156,"Column Transpositions into Oracle (pl/sql, sql)","I'm doing transpositions and looking if for some column exist exactly the same value into other table. Example: tableA: id = 10, col = abc , value = 10 tableB: id = 10, abc = 10 I have below code: declare TYPE t_my_list is record(id VARCHAR2(4000),col VARCHAR2(4000),val VARCHAR2(4000)); Type list_3STR is table of t_my_list; v_stmt VARCHAR2(32000) := 'SELECT id, col, val FROM userA.tableA'; v_lstmt VARCHAR2(32000); v_ret list_3STR := list_3STR(); cDel number; begin EXECUTE IMMEDIATE v_stmt BULK C",sql|oracle-database|plsql|null|transpose,74273153,Create a Data Warehouse with the database on SQL Developer,I have a database in SQL Developer which pull data from an ERP tool and I would like to create a Data warehouse in order to connect it then to PowerBI. It's my first time that I am doing all this process from the beginning so I am not so experienced. So where are you suggesting to create the Data Warehouse (I was thinking on SSMS) and how can I connect it with PowerBI ? My Data Warehouse will consist from some View of my tables and some Joins to get some data in the structure that I want since i,database|oracle-database|data-warehouse,初审完成，待第二人复核,不相关,Codex机器辅助初审,跨簇低相似保守负例初审,来自不同基线簇且无共享核心标题词；需第二位人工标注者复核。,0.073749,14,16,0,0,不相关,0.071855,7,16,0,0
A197,16140067,How to pass a complex cursor record into a procedure?,"Let say I have declared a cursor like this CURSOR cur_customer IS SELECT c.customer_id, c.name, o.order_date FROM customer c, order o WHERE c.customer_id = o.customer_id BEGIN FOR rec_customer IN cur_Customer LOOP -- invoke procedure here with rec_customer as a parameter END LOOP; END; For the case where the cursor is fetched from only one table, the parameter could be declared like this rec_customer customer%ROWTYPE But in this case, the cursor is fetched from 2 tables. So how do I declare the ",oracle-database|plsql,63917286,Clean way to custom sort,"I'm trying to write a SELECT request with custom sorts. Values on the STATE column can be active , suspended , inConstruction , and I need them sorted in this order. I did something like this: select c.id, c.state from client c where other_conditions = TRUE and c.state in ('active', 'suspended', 'inConstruction') --adding this for clarity order by replace(c.state, 'suspended', 'b_suspended') asc Doing this ensures the results are in the right order but it's really ugly. Is there a cleaner, more ",sql|oracle-database,初审完成，待第二人复核,不相关,Codex机器辅助初审,跨簇低相似保守负例初审,来自不同基线簇且无共享核心标题词；需第二位人工标注者复核。,0.033649,17,6,0,0,不相关,0.031683,17,6,0,0
A198,5701012,PHP error when connect to Oracle 10G R2,"I have this code : ociinternaldebug(1); // try connecting to the database $conn = oci_new_connect('username', 'password', '(DESCRIPTION = (ADDRESS = (PROTOCOL = TCP)(HOST = 1.1.1.1 )(PORT = 1521)) (CONNECT_DATA = (SID = dpsid)))'); // check for any errors if (!$conn) { $e = oci_error(); print htmlentities($e['message']); exit; } // else there weren't any errors else { echo 'connected.'; } and I get this error : OCI8 DEBUG: OCINlsEnvironmentVariableGet at (ext\oci8\oci8.c:1758) OCI8 DEBUG: OCIEnv",php|oracle-database|ora-12170,39915860,Connect php with oracle 10g,"I'm trying to get data from oracle using php. But I have a problem happen when connect php with oracle my code is: <?php/> // Create connection to Oracle $conn = oci_connect(""sys as sysdba"", ""orcl"", ""//desktop-jhc9gq7:1158/orcl1""); if (!$conn) { $m = oci_error(); echo $m['message'], ""\n""; exit; } else { print ""Connected to Oracle!""; } // Close the Oracle connection oci_close($conn); ?> But I have a problem : ORA-12569: TNS:packet checksum failure What is the problem here? plz help me thanks in a",php|oracle-database,初审完成，待第二人复核,相关但不重复,Codex机器辅助初审,同簇高相似困难负例初审,共享错误码或多个核心术语，但具体输入、环境或解决目标不同；需第二位人工标注者复核。,0.342007,20,18,0,0,相关但不重复,0.321932,20,20,1,1
A199,54951866,"Can't create a column over 4000 in size for a user, but can under SYS","I set the max_string_size parameter to extended, ran utl32k, and when I show the parameter it does display the value as extended. When I create a table for SYS with a column sized over 4000, such as: create table sys.mytable (col1 varchar2(8000)); The table is created fine. However, if I create a table for a user I created, such as: create table someuser.mytable (col1 varchar2(8000)); I get the ""ORA-00910: specified length too long for its datatype"" error. Why can I create it under SYS, but not ",oracle-database,56781414,What would the equivalent query be in oracle?,"I am starting to use PL/SQL and to know how to use DATEDIFF, DATEADD select DATEADD(HH, 1, DATEADD(dd, DATEDIFF(dd,0, GETDATE()),0)) What would the equivalent query be in oracle",sql|oracle-database,初审完成，待第二人复核,不相关,Codex机器辅助初审,跨簇低相似保守负例初审,来自不同基线簇且无共享核心标题词；需第二位人工标注者复核。,0.003223,21,39,0,0,不相关,0.003316,21,39,0,0
A200,13142481,Oracle concatenation of columns with comma,": How can I combine multiple rows into a comma-delimited list in Oracle? Could some one please tell me how to achieve the following? Table: efforts_id cycle_name release_name 123 quarter march 123 half april 123 full april 124 quarter may My expected output: efforts_id cycle_name release_name 123 quarter,half,full march,april 124 quarter may I am a beginner in oracle so not sure how to do this. Any help would be appreciated. Thanks",sql|database|oracle-database|concatenation|string-aggregation,468990,How can I combine multiple rows into a comma-delimited list in Oracle?,"I have a simple query: select * from countries with the following results: country_name ------------ Albania Andorra Antigua ..... I would like to return the results in one row, so like this: Albania, Andorra, Antigua, ... Of course, I can write a PL/SQL function to do the job (I already did in Oracle 10g), but is there a nicer, preferably non-Oracle-specific solution (or may be a built-in function) for this task? I would generally use it to avoid multiple rows in a sub-query, so if a person has",sql|oracle-database|concatenation|pivot|string-aggregation,初审完成，待第二人复核,重复,Codex机器辅助初审,Stack Overflow Possible Duplicate链接,原问题正文明确指向另一问题为Possible Duplicate。,0.254836,30,14,0,0,相关但不重复,0.252548,8,14,0,0
A201,31982624,ORA-00920: invalid relational operator in insert into,"Keep getting ORA-00920: invalid relational operator on line 17 (es2.EMNEKODE LIKE 'STAT360'). But i can't figure out why the database suddenly does not accept the LiKE operator..: Any suggestions? INSERT INTO database.EMNE_I_STUDIEPROGRAM es ( STUDIEPROGRAMKODE, INSTITUSJONSNR, EMNEKODE, VERSJONSKODE, STATUS_RAPPORTERING, STATUS_PUBLISERES, STATUS_KREV_EMNEVALG ) ( SELECT es2.STUDIEPROGRAMKODE, es2.INSTITUSJONSNR, 'STAT340', '1', es2.STATUS_RAPPORTERING, es2.STATUS_PUBLISERES, es2.STATUS_KREV_EM",sql|oracle-database|sql-insert,44179234,ORA-00920: invalid relational operator while using case,"I am writing a code using oracle developer to find if there is a login from a device for 3 consecutive days, I'm writing a code using case function but it is giving me invalid relational operator error. I don't know where I am wrong. thanks in advance SELECT *FROM (SELECT a.*,substr(TEXT_USERNAME,2,length(TEXT_USERNAME)-2), row_number() over (partition by trunc(DTIME_LOGIN) order by TEXT_USERNAME ) rn FROM OWNER_DWH.F_HOSEL_USER_LOGIN_TT a) WHERE (CASE WHEN trunc(dtime_login)=trunc(sysdate-1) th",sql|oracle-database,初审完成，待第二人复核,相关但不重复,Codex机器辅助初审,同簇高相似困难负例初审,共享错误码或多个核心术语，但具体输入、环境或解决目标不同；需第二位人工标注者复核。,0.466094,19,26,0,0,相关但不重复,0.451400,19,26,0,0
A202,1669056,Oracle instant client for .net on 64 bit windows server 2008,I installed Oracle 11g ODAC 11.1.0.6.21 with Oracle Developer Tools for Visual Studio and built my app. I installed Oracle 11g ODAC 11.1.0.6.21 with Xcopy Deployment on the 32 bit server and it runs great. But now I need to install on a 64 bit server. Where can one find the 64 bit Oracle 11g ODAC? The Oracle client is installed on the 64 bit server is there anyway to use the existing install with .net?,.net|oracle-database|windows-server-2008,42953353,how to create an xml from oracle command in c#,"I have a below query in C# getting data from oracle using (OracleConnection con = new OracleConnection(ConnectionString)) { con.Open(); OracleCommand command = new OracleCommand(""select firstname,secondname,lastname, age,gender from Members"", con)) OracleDataReader rdr = command.ExecuteReader(); while(rdr.Read()) { ..... } } Now from this query i need to create an xml as below. Please help me to know the best way to achieve the same <Root> <Member> <Name> <firstname>firstname1<firstname> <second",c#|xml|oracle-database,初审完成，待第二人复核,不相关,Codex机器辅助初审,跨簇低相似保守负例初审,来自不同基线簇且无共享核心标题词；需第二位人工标注者复核。,0.015404,10,29,0,0,不相关,0.014613,10,12,0,0
A203,529098,Removing duplicate rows from table in Oracle,"I'm testing something in Oracle and populated a table with some sample data, but in the process I accidentally loaded duplicate records, so now I can't create a primary key using some of the columns. How can I delete all duplicate rows and leave only one of them?",sql|oracle-database|duplicates|delete-row,5348600,removing duplicate in table,: Removing duplicate rows from table in Oracle how to remove the duplicate in table,oracle-database,初审完成，待第二人复核,重复,Codex机器辅助初审,Stack Overflow Possible Duplicate链接,原问题正文明确指向另一问题为Possible Duplicate。,0.652084,2,31,0,0,相关但不重复,0.567002,2,25,0,0
A204,10812329,Oracle (on server) - Excel connection,I've linked a couple of Oracle XE 11G views to Excel. I can import those views via the ODBC wizard in Excel and it works fine like that. The only thing is that both Oracle and Excel are on the same local client computer. I'd like to have the Oracle XE database on a server and have Excel on client computers and still be able to connect. To basicly view Oracle data from a server in Excel. Is there any way to achieve this? Thanks,oracle-database|excel|odbc,38145048,Database Connection SQL Server / Oracle,"i have been trying to connect to SQL Server (I have SQL Server 2014 installed on my machine and SQL Native Client 11.0 32bit as driver) using Python and specifically pyodbc but i did not manage to establish any connection. This is the connection string i am using: conn = pyodbc.connect('''DRIVER={SQL Server Native Client 11.0}; SERVER=//123.45.678.910; DATABASE=name_database;UID=blabla;PWD=password''') The error message i am getting is this: Error: ('08001', '[08001] [Microsoft][SQL Server Nativ",python|sql-server|database|oracle-database|python-3.x,初审完成，待第二人复核,相关但不重复,Codex机器辅助初审,同簇高相似困难负例初审,共享错误码或多个核心术语，但具体输入、环境或解决目标不同；需第二位人工标注者复核。,0.181909,10,10,1,0,相关但不重复,0.162155,10,10,1,0
A205,6389666,Oracle Search all tables all columns for string,"I need to search our oracle database for a string in all tables and columns. I have the below query I found online but when I execute it I get the following error Any help is appreciated ORA-06550: line 6, column 31: PL/SQL: ORA-00904: ""COLUMN_NAME"": invalid identifier ORA-06550: line 6, column 12: PL/SQL: SQL Statement ignored ORA-06550: line 8, column 30: PLS-00364: loop index variable 'T' use is invalid ORA-06550: line 7, column 4: PL/SQL: Statement ignored ORA-06550: line 12, column 38: PLS-",oracle-database|oracle11g,6598257,Looking for a simple way to search in Oracle for a ID/Text,: Oracle Search all tables all columns for string I'm looking for a simple way to search in Oracle for a ID/Text in all tables. Any ideas? I'm using currently SQL Developer. Thank you!,sql|oracle-database|oracle10g|oracle-sqldeveloper,初审完成，待第二人复核,重复,Codex机器辅助初审,Stack Overflow Possible Duplicate链接,原问题正文明确指向另一问题为Possible Duplicate。,0.216269,19,22,0,0,相关但不重复,0.207133,19,23,0,0
A206,29773483,Rollback data in integration environment after every test,We have a legacy system that uses Java and an Oracle database. I now want to set up an integration environment where we can run tests through HTTP calls. Before the whole cycle of tests starts the database would be set up anew. We already have a functionality for this. Now after every test only the modified data from this test should be rolled back. Is this somehow possible on an Oracle database?,java|oracle-database|automated-tests|integration-testing|rollback,51246261,SQL Oracle - where clause on value on column next to condition,"I have a query which return more than a million rows based on the Entity-Attribute-Value model. Note that each entity may have a different number of attributes, therefore, I can't just look for a row ID. Here is an example table: +----------+-----------+------------+ | EntityID | Attr_Name | Attr_Value | +----------+-----------+------------+ | 1 | Age | 2 | +----------+-----------+------------+ | 1 | Class | Spatial | +----------+-----------+------------+ | 2 | Age | 3 | +----------+-----------+",sql|oracle-database,初审完成，待第二人复核,不相关,Codex机器辅助初审,跨簇低相似保守负例初审,来自不同基线簇且无共享核心标题词；需第二位人工标注者复核。,0.010246,18,34,0,0,不相关,0.010010,34,34,1,0
A207,30992322,Calculating Variance from different data Sources Oracle SQL,"I am attempting to create a list of variances based on data that I get from two difference sources. This data contains a date, a series of references and columns containing numeric counts etc. The idea behind this is to check that the data from Data Source 1 has the same numeric count as the data from Data Source 2, and then logging the variances of each 5 minute interval. Here I have the required code to create the table and sample data of a simplified scenario Create Table ABP_PROFILE ( ABP_DA",sql|oracle-database|analytics|variance,61098001,What happens if I setup only network encryption or network integrity in oracle net manager?,"I am doing some POCs related to the oracle's network security and integrity feature. My sample program works just fine and returns me a valid connection even though I change the configuration to support either encryption or integrity. ``` Properties prop = new Properties(); OracleDataSource dataSource = new OracleDataSource(); prop.put(""oracle.net.encryption_client"", ""REQUIRED""); prop.put(""oracle.net.encryption_types_client"", ""AES256""); prop.put(""oracle.net.crypto_checksum_client"", ""REQUIRED""); ",oracle-database|oracle11g|oracle12c|database-administration|oracle-net-services,初审完成，待第二人复核,不相关,Codex机器辅助初审,跨簇低相似保守负例初审,来自不同基线簇且无共享核心标题词；需第二位人工标注者复核。,0.023063,45,18,0,0,不相关,0.023050,45,18,0,0
A208,14316883,How to update one table column with its own value plus a variable from other table?,": Oracle - Update statement with inner join In SQL Server Developer Edition, I want to update a column with its own value and variable from another table. In table sa_tran_item , ref_no6 field is showing ""NYN"" and other table apo_rms_i_item_place , SORTIMENTSGRUPP_KOD field showing 10 I want to update table sa_tran_item , ref_no6 field as ""NYN10"" My query UPDATE sa_tran_item SET ref_no6 = ""ref_no6"" + ""a.SORTIMENTSGRUPP_KOD"" FROM apo_rms_i_item_place a, sa_tran_item WHERE a.varnummer in (select i",sql|oracle-database,2446764,Update statement with inner join on Oracle,"I have a query which works fine in MySQL, but when I run it on Oracle I get the following error: SQL Error: ORA-00933: SQL command not properly ended 00933. 00000 - ""SQL command not properly ended"" The query is: UPDATE table1 INNER JOIN table2 ON table1.value = table2.DESC SET table1.value = table2.CODE WHERE table1.UPDATETYPE='blah';",sql|oracle-database|inner-join|ora-00933,初审完成，待第二人复核,重复,Codex机器辅助初审,Stack Overflow Possible Duplicate链接,原问题正文明确指向另一问题为Possible Duplicate。,0.201103,32,4,0,0,相关但不重复,0.188298,32,4,0,0
A209,3526798,How do you get nicely formatted results from an Oracle procedure that returns a reference cursor?,In MS SQL Server if I want to check the results from a Stored procedure I might execute the following in Management Studio. --SQL SERVER WAY exec sp_GetQuestions('OMG Ponies') The output in the results pane might look like this. ID Title ViewCount Votes ----- ------------------------------------------------- ---------- -------- 2165 Indexed View vs Indexes on Table 491 2 5068 SQL Server equivalent to Oracle’s NULLS FIRST 524 3 1261 Benefits Of Using SQL Ordinal Position Notation? 377 2 (3 row(s),oracle-database|oracle10g|oracle-sqldeveloper,8610495,How to see refcursor result/output in Oracle SQL Developer?,": Best way/tool to get the results from an oracle package procedure Oracle SQL Developer: Show REFCURSOR Results in Grid? I am new to Oracle SQL Developer. I am using Oracle SQL Developer Version 3.0. I was trying to test my SP using the following query. DECLARE type output_cursor is ref cursor; P_CURSOR output_cursor; BEGIN P_CURSOR := NULL; myPackage.mySPTest ( P_NOTIFICATION_ID => 1975357,P_CURSOR => P_CURSOR) ; END; When I ran the above query in my Oracle SQL Developer, I am getting a messag",oracle-database|plsql|oracle10g|oracle-sqldeveloper|ref-cursor,初审完成，待第二人复核,重复,Codex机器辅助初审,Stack Overflow Possible Duplicate链接,原问题正文明确指向另一问题为Possible Duplicate。,0.268983,17,17,1,0,相关但不重复,0.229206,17,17,1,1
A210,47005505,cx_Oracle.DatabaseError: ORA-12514: TNS:listener does not currently know of service requested in connect descriptor,"I am trying to do a sanity testing of newly installed Oracle client 12.2 in RHEL 7 linux from a Python program, but it fails with the above error, not sure what I am missing on there. Please help with this case : cx_Oracle.DatabaseError: ORA-12514: TNS:listener does not currently know of service requested in connect descriptor my tnsnames.ora file under /home directory FRDLD2D1 = (DESCRIPTION = (ADDRESS_LIST = (ADDRESS = (PROTOCOL = TCP)(Host = frdld2d1.de.db.com)(Port = 1825)) ) (CONNECT_DATA =",python|linux|oracle-database|database-connection|cx-oracle,55322654,"expressjs oracledb { [Error: ORA-12514: TNS:listener does not currently know of service requested in connect descriptor] errorNum: 12514, offset: 0 }","I connect with DBeaver to Oracle Database Express Edition 11g successfully but when i want to connect with nodeJS my code is const oracleApp = express(); const oracledb = require('oracledb'); const config = { user: 'TEST', password: 'TEST', connectString: 'localhost:1521/XE' }; async function getStudents() { let conn; try { conn = await oracledb.getConnection(config); const result = await conn.execute( 'select * from students' ); console.log(result.rows[0]); } catch (err) { console.log('Ouch!', ",node.js|oracle-database|express|node-oracledb,初审完成，待第二人复核,相关但不重复,Codex机器辅助初审,同簇高相似困难负例初审,共享错误码或多个核心术语，但具体输入、环境或解决目标不同；需第二位人工标注者复核。,0.312764,20,20,1,0,相关但不重复,0.342069,20,20,1,1
A211,26475001,Install Oracle 11g and Sql Developer on Ubuntu or windows 7,"At first, sorry if my question too simple or incorrect. So I would like to install oracle database 11 g and SQL developer. At first I tried install it on windows 7 but I was not able to finish it successfully(I know that I did something wrong , but cannot(do not want spend time) fix problem). Then I think that it will be much more convenient for me if I can find some VM(say VirtualBox) image in which Oracle db 11g and SQL developer already installed(it can be even be Ubuntu image, since OS is no",sql|oracle-database|oracle11g|virtualbox|oracle-sqldeveloper,40739970,Install oracle 11.2.0.4 on windows,"From this link The options avaliable are: there's a 11.2.0.1.0 version and 11.2.0.4 de-install utility, but where is the upgrade utility to pass to 11.2.0.4? Is it possible?",oracle-database,初审完成，待第二人复核,相关但不重复,Codex机器辅助初审,同簇高相似困难负例初审,共享错误码或多个核心术语，但具体输入、环境或解决目标不同；需第二位人工标注者复核。,0.268687,32,27,0,0,相关但不重复,0.260841,32,27,0,0
A212,5324567,Oracle | drop table,I want to drop certain tables in a tablespace that has common name appended to end of each table for an example: TABLE1_NAME1_COMMON TABLE2_NAME2_COMMON TABLE3_NAME3_COMMON I heard about Oracle functions but I'm not familiar much with those so I'm expecting some helping hand. Thanks.,sql|database|oracle-database|plsql,77106603,Oracle SQL Bring Multiple values using Instr,"I have this simple query: select * from My_table where INSTR('|' || NVL(:USER_AREA_ID, AREA_ID) || '|', '|' || AREA_ID || '|') > 0 So basically, when the user selects area id 20 for example, the result would be a select all from my_table where area_id equals 20. The | are there to avoid selecting area_ids number 2 and area_ids number 0. Which is good. However, user will have the ability to select multiple area_ids. For example, how can the user select area_id 20 and area_id 60 at the same time w",sql|oracle-database,初审完成，待第二人复核,不相关,Codex机器辅助初审,跨簇低相似保守负例初审,来自不同基线簇且无共享核心标题词；需第二位人工标注者复核。,0.035839,23,7,0,0,不相关,0.036090,23,7,0,0
A213,55705417,Using Docker and Testcontainers for database integration testing,"After a bit of research I was led to think that Docker containers could be a good fit for database integration testing using test containers , as this would only require a Docker container running a database image reproducing the database schema against which the tests would be executed. This instance can either be run locally on each developer’s machine or, even better, one single instance can be shared by multiple developers: an automated test can be configured to start a database instance fro",java|oracle-database|docker|windows-7|testcontainers,9406629,Native Oracle Query to fetch One to Many Relationship Structure,"Can any one please help me out for a query to fetch one to many relationship in oracle Table Structure is: Table: STUD_NAME Table:CLASS STUD_No STUD_Name Class_ID STUD_No CLASS_NAME ------------------- ------------------------------------------- 1 Sam 1 1 PHYSICS 2 Michael 2 1 MATHEMATICS 3 Patrick 3 2 PHYSICS 5 Leena 4 2 CHEMISTRY I tried using join concepts, hence it returned duplicated rows in STUD_NAME table like 1 Sam PHYSICS 1 Sam CHEMISTRY I need an output like 1 Sam PHYSICS,MATHEMATICS 2",sql|oracle-database|oracle9i|string-aggregation,初审完成，待第二人复核,不相关,Codex机器辅助初审,跨簇低相似保守负例初审,来自不同基线簇且无共享核心标题词；需第二位人工标注者复核。,0.009180,40,8,0,0,不相关,0.009864,40,8,0,0
A214,55244880,PHP Startup: Unable to load dynamic library 'pdo_oci',"I have the following problem. When I execute a PHP command for example php --version I obtain the following: **PHP Warning: PHP Startup: Unable to load dynamic library 'oci8_11g'** (tried: C:\xampp\php\ext\oci8_11g (No se puede encontrar el m¾dulo especificado.), C:\xampp\php\ext\php_oci8_11g.dll (%1 no es una aplicaci¾n Win32 vßlida.)) in Unknown on line 0 **Warning: PHP Startup: Unable to load dynamic library 'oci8_11g'** (tried: C:\xampp\php\ext\oci8_11g (No se puede encontrar el m¾dulo espec",php|oracle-database|dll|oracle-call-interface|instantclient,74886093,Ubuntu: Unable to load dynamic library 'pdo_oci.so',"I'm setting up a docker container with PHP8 and OCI8. can't seem to figure out why i'm getting error PHP message: PHP Warning: PHP Startup: Unable to load dynamic library 'pdo_oci.so' (tried: /usr/lib/php8/modules/pdo_oci.so (Error loading shared library /usr/lib/php8/modules/pdo_oci.so: No such file or directory), /usr/lib/php8/modules/pdo_oci.so.so (Error loading shared library /usr/lib/php8/modules/pdo_oci.so.so: No such file or directory)) in Unknown on line 0 is there anyway to check the fi",php|oracle-database|docker,初审完成，待第二人复核,相关但不重复,Codex机器辅助初审,同簇高相似困难负例初审,共享错误码或多个核心术语，但具体输入、环境或解决目标不同；需第二位人工标注者复核。,0.297879,40,40,1,0,相关但不重复,0.273453,40,40,1,1
A215,11519004,Formatting Excel using PL/SQL,: Create an Excel Spreadsheet from a Oracle Database Writing in ExcelSheet using UTL_FILE package in Oracle I am generating CSV file with the UTIL_File package. Now I would like to format the header in bold when it is opened in MS Excel. Is there any way to do that using PL/SQL and Oracle 9i? Thanks,oracle-database|excel|plsql,8414050,Writing in ExcelSheet using UTL_FILE package in Oracle,"I have no problem in writing data in excel sheet which is stored in some predefined directory. Now I have 10 sets of data and for each set I have to create 10 seperate excel sheet. But what I want is to create Workbook conating sheet1,sheet2,. Sheet10. Which will have all 10 sets of record. If my question is not clear let me know. I'm using PL/SQL Oracle 9i My Code which will write to excel for one set of data. What if I have more set of data and I don't want to have multiple excel sheet instead",oracle-database|plsql,初审完成，待第二人复核,重复,Codex机器辅助初审,Stack Overflow Possible Duplicate链接,原问题正文明确指向另一问题为Possible Duplicate。,0.387925,14,14,1,0,相关但不重复,0.366077,14,14,1,1
A216,63230739,How to extract value of all the child nodes of a specific node (provided through input parameter) from XMLType Column in Oracle,"One of our requirements is to get the value of all the child nodes of a given specific XML node. I have got a solution for this using Microsoft SQL Server but I need the same in Oracle. Please see the below query. Note: incase if there is more than one child node, the result should be the concatenation of all the individual child nodes'value. select REPLACE(Properties, 'utf-8', 'utf-16'), CAST(REPLACE(Col1, 'utf-8', 'utf-16') as XML).value('(//*[local-name() = sql:variable(""@var2"")])[1]', 'varch",sql|xml|oracle-database,72001167,Convert EPOCH date to timestamp in oracle SQL,"I get a date format EPOCH in database table - ""19072"" First I need to convert to time- 21/03/2022 and concatenate 23:59:59 date conversion reference - Now I need to convert ""21/03/2022 23:59:59"" to UTC +7:00(Jakarta, Indonesia) Final expected output is - ""22/03/2022 06:59:59""",sql|oracle-database|oracle-sqldeveloper,初审完成，待第二人复核,不相关,Codex机器辅助初审,跨簇低相似保守负例初审,来自不同基线簇且无共享核心标题词；需第二位人工标注者复核。,0.072698,21,39,0,0,不相关,0.072743,21,39,0,0
A217,23941650,Oracle: New database vs new user.schema?,"Backstory: I had this database dropped in my lap when the company, I began working for last October, won the contract. The developers gave me very little turn over, so I am digging back in my memory to when I maintained an Oracle DB in 2002. My skills are extremely dated, so please be gentle. Oracle 10.2.0.0.0 Windows Server 2003 My customer now wants me to create a blank copy of an existing application/database for a future effort. My 1st idea was to clone the existing database and remove all t",oracle-database|oracle10g|schema,40582505,The procedure entry point OCIStmlRelease could not be located PHP 5.6 OCI8 xammp,I am using php 5.6(Xammp Apache Server) with oracle 11g installed.My php to oracle connectivity was working fine until yesterday i suddenly got this error when i start Apache service from the Xammp Control Panel.I got this error message. httpd.exe - Entry Point Not Found the procedure entry point OCIStmlRelease could not be located in the dynamic link library E:\xammp\php\ext\php_oci8.dll Here are the configurations which i have done I have uncommitted the line in php.ini extension=php_oci8.dll ,php|oracle-database|apache|oracle11g|oci8,初审完成，待第二人复核,不相关,Codex机器辅助初审,跨簇低相似保守负例初审,来自不同基线簇且无共享核心标题词；需第二位人工标注者复核。,0.024586,15,40,0,0,不相关,0.028622,15,40,0,0
A218,12724756,date format picture ends before converting entire input string,": ORA-01830: date format picture ends before converting entire input string I am getting the system current date and time with the following: String months[] = {""Jan"", ""Feb"", ""Mar"", ""Apr"",""May"", ""Jun"", ""Jul"", ""Aug"",""Sep"", ""Oct"", ""Nov"", ""Dec""}; Calendar cal = new GregorianCalendar(); String month = (months[cal.get(Calendar.MONTH)]); int year = cal.get(Calendar.YEAR); int day = cal.get(Calendar.DAY_OF_MONTH); int second = cal.get(Calendar.SECOND); int minute = cal.get(Calendar.MINUTE); int hour = ",java|oracle-database|date|time,595072,ORA-01830: date format picture ends before converting entire input string,The SQL works fine on most installations. However I'm having a problem with an Oracle installation in Canada (possible date localization issue?). I'm feeding data to a proprietary processor that generates the SQL. I only provide data. I was hoping for information that may help me solve it without involving support from the processor.,sql|oracle-database|ora-01830,初审完成，待第二人复核,重复,Codex机器辅助初审,Stack Overflow Possible Duplicate链接,原问题正文明确指向另一问题为Possible Duplicate。,0.559187,39,39,1,1,重复,0.605897,39,39,1,1
A219,32538834,ORA-00054 error when trying to delete table,When I try this command on oracle sql-developer : delete from my_table; I get the following error : ORA-00054: resource busy and acquire with NOWAIT specified I haven't figured out how to solve this problem.,sql|oracle-database,52053773,Error while trying to delete rows from table,I have a DELETE statement delete from test where id = :a in a package which is being called from Java. Each and every session trying to delete different set of rows from same table test but still I am getting error ORA-00060: deadlock detected while waiting for resource . Any help that what could have gone wrong here. I can see the below in trace file but still I couldn't understand why exactly I am getting the deadlock. *** 2018-08-28 06:55:08.128 DEADLOCK DETECTED ( ORA-00060 ) See Note 60.1 a,java|oracle-database|plsql|oracle-adf,初审完成，待第二人复核,相关但不重复,Codex机器辅助初审,同簇高相似困难负例初审,共享错误码或多个核心术语，但具体输入、环境或解决目标不同；需第二位人工标注者复核。,0.189963,46,2,0,0,相关但不重复,0.184891,46,2,0,0
A220,47034820,oracle cache mess with mybatis query results (can't get the latest),"My environment is: Spring Boot + Mybatis + Oracle 10g + Jdk1.8 I got a table named book in oracle like this: +---------+------+--------+ | book_id | name | number | +---------+------+--------+ | 1 | b1 | 123 | | 2 | b2 | 123 | | 3 | b3 | 2343 | +---------+------+--------+ 3 rows in set (0.00 sec) I got it to work and displayed it successfully with the mapper i wrote .But after i insert 2 more records into this table with plsql,i still got the same 3 records instead of all 5(as below) when i quer",spring|oracle-database|caching|spring-boot|mybatis,61750791,PL/SQL Developer Command Window Script Encoding,"I am running a sql script through pl/sql Developer Command Windows.It is a simple script with two insert commands that inserts two labels in two different languages (French and English). Some characters in the French label are inserted with ""bad format"". Running the query select * from V$NLS_PARAMETERS returns the values NLS_LANGUAGE = AMERICAN NLS_TERRITORY = AMERICA NLS_CHARACTERSET = UTF8 My script file is saved in UTF encoding. I am running in a Windows 10 machine. Should i change the NLS_LA",sql|oracle-database|character-encoding|plsqldeveloper,初审完成，待第二人复核,不相关,Codex机器辅助初审,跨簇低相似保守负例初审,来自不同基线簇且无共享核心标题词；需第二位人工标注者复核。,0.018063,47,43,0,0,不相关,0.020105,47,43,0,0
A221,13393440,ORA-12560:TNS:Protocol adapter error,": ORA-12560: TNS:protocol adaptor error When I try to login to the database, I am geting this error. ORA-12560:TNS:Protocol adapter error Can anyone please guide me about it? I am using windows 7, Oracle 11.2.0.2.0.",oracle-database,6894558,ORA-12560: TNS:protocol adaptor error,I Google[d] for this error ORA-12560: TNS:protocol adaptor error but not able to find the actual reason and how to solve this error ? Can anyone tell me a perfect solution to solve login problem.,sql|oracle-database|oracle9i|ora-12560,初审完成，待第二人复核,重复,Codex机器辅助初审,Stack Overflow Possible Duplicate链接,原问题正文明确指向另一问题为Possible Duplicate。,0.646607,24,24,1,1,重复,0.631840,24,24,1,1
A222,23369563,How do I both sum 1 table and combine that result with another?,I'm using Oracle SQL and I have two tables: Employee: VARCHAR VARCHAR EMP_NUM EMP_NAME ------- -------- 1 Jane 1 Jane 1 Jane 1 Jane 2 Alex 2 Alex 2 Alex 3 Danny 3 Danny Assignment: NUMBER FLOAT FLOAT VARCHAR ASSIGN_NUM ASSIGN_HOURS ASSIGN_CHARGE EMP_NUM ---------- ------------ ------------- ------- 1 3.5 290 1 2 2.6 68.2 3 3 2 406 3 4 4.7 541 2 5 3.3 76 1 and I need to combine them into something like this: TempTable: VARCHAR VARCHAR FLOAT FLOAT EMP_NUM EMP_NAME SUM_HOURS SUM_CHARGE ------- ----,sql|oracle-database,41521924,Oracle database new user to view all tables,"I've created a new user, but I want to add some privileges to only allow the user to view or query some tables I've created with my admin user. I've seen that you can apply and create a VIEW, but will I have to create a VIEW for each table and apply it to my user or is there an easier way. CREATE VIEW new_view AS SELECT * FROM TABLE_NAME; GRANT ALL ON new_view to user;",oracle-database,初审完成，待第二人复核,不相关,Codex机器辅助初审,跨簇低相似保守负例初审,来自不同基线簇且无共享核心标题词；需第二位人工标注者复核。,0.044454,27,0,0,0,不相关,0.044384,27,0,0,0
A223,58295436,Lower function being ignored when used in a function in SQL Oracle,"I'm having trouble with creating a function in SQL Oracle that is case insensitive. I have been asked to create a function called containsText(pString1, pString2) to find if pString2 is in pString1. I'm using the lower() function but it seems to be ignoring the command. If anyone would like to have a go here are the scripts. First create tables: -- create types -- create or replace type artist_type as object (artistName varchar(50), artistRole varchar(25)) / create type artist_array_type as varr",sql|oracle-database|function|if-statement|plsql,61241158,How to count the number of line without repetition of a set value in a PROCEDURE,"Oracle SQL+ (PL/SQL) is used* How do I count the number of ligne in a similar case, using a PROCEDURE: Example of a table CREATE TABLE Teacher (name CHAR(7) NOT NULL, lastName INTEGER NOT NULL, teacherCode CHAR(5) NOT NULL, CONSTRAINT PrimaryKey PRIMARY KEY (name) ); CREATE TABLE Class (acronym CHAR(7) NOT NULL, groupNum INTEGER NOT NULL, sessionCode INTEGER NOT NULL, teacherCode CHAR(5) NOT NULL, CONSTRAINT P_Key PRIMARY KEY (acronym) CONSTRAINT F_Key FOREIGN KEY (teacherCode) ); I want to coun",sql|oracle-database|plsql,初审完成，待第二人复核,不相关,Codex机器辅助初审,跨簇低相似保守负例初审,来自不同基线簇且无共享核心标题词；需第二位人工标注者复核。,0.163290,26,33,0,0,相关但不重复,0.176634,33,33,1,0
A224,78734650,I got error saying result of string concatenation is too long,"I am trying to insert data into table which have values more than 4000 character, to overcome with this i have made column qcnotes datatype clob on zzz_drop_result_718001 but i couldn't get it done. DECLARE GRPNM VARCHAR2(100); CLOBNOTES CLOB; BEGIN DELETE ZZZ_DROP_RESULT_718001; COMMIT; FOR REC IN (select a.* ,length(QCnotes)notelength from ( SELECT To_char(SYSDATE,'MM/DD/YYYY') LOGGEDDATE, 'DROP IN RECENT MONTH' CATEGORY, upper(a.GRPNAME)GROUPNAME, To_Char(a.SOURCES) PAYER, DECODE(a.FLAG,'CURR",sql|oracle-database|plsql,83122,WCF Oracle adaptor and UDT,Is there any way to work with Oracle UDT's with current WCF adaptor?,wcf|oracle-database|biztalk,初审完成，待第二人复核,不相关,Codex机器辅助初审,跨簇低相似保守负例初审,来自不同基线簇且无共享核心标题词；需第二位人工标注者复核。,0.002259,41,24,0,0,不相关,0.002504,41,24,0,0
A225,12089735,ORACLE Mutating trigger error,": ORACLE After update trigger: solving ORA-04091 mutating table error So I have a trigger to check if a an admin has been locked out of login (if they are they will have a 1 set to temp_pw. It then send the admin a four digit pass code to unlock their account. Problem is I update the failed_logins field, incrementing it by 1 for every failed login before the trigger is called. The rest of the trigger checks if there is an admin has a locked account before sending them an email with a pass code. ",oracle-database|triggers,6915325,ORACLE After update trigger: solving ORA-04091 mutating table error,I am trying to create a trigger: create or replace trigger NAME_OF_TRIGGER after insert or update on table1 REFERENCING OLD AS OLD NEW AS NEW for each row to fill in automatically a couple of non obligatory fields when updating/inserting on a table. This requires me to use a cursor that selects from table2 and also table1 (the subject of the trigger). Is there any way to avoid the mutating table error without using a temporary table for values or an autonomous transaction?,sql|oracle-database|plsql|triggers|mutating-table,初审完成，待第二人复核,重复,Codex机器辅助初审,Stack Overflow Possible Duplicate链接,原问题正文明确指向另一问题为Possible Duplicate。,0.292815,49,49,1,0,相关但不重复,0.293842,49,49,1,1
A226,14100168,Remove a random expression from string,"I have a string/column something like this String a = ""000003023_AggregateStopLossLimit_W x3A 973911_2012-12-22.PDF""; I want to create a substring which doesn't have the part ' x3A 973911' in it. Whic means I want something like this, 000003023_AggregateStopLossLimit_W_2012-12-22.PDF There is a list of such strings which will have different values but the format will be the same. I want the part of string to be removed which comes after the first space and ends at the next '_'. This is what I ha",java|sql|regex|oracle-database|substr,14100392,Remove a random expression from column,": Remove a random expression from string I have a column which contains values like this ""000003023_AggregateStopLossLimit_W x3A 973911_2012-12-22.PDF""; I want to create a substring which doesn't have the part x3A 973911 in it. Whic means I want something like this, 000003023_AggregateStopLossLimit_W_2012-12-22.PDF The value x3A 973911 is not constant, so basically, in words, I want the part of string to be removed which comes after the first space and ends at the next '_'. Any ideas ?",sql|oracle-database|select|substr,初审完成，待第二人复核,重复,Codex机器辅助初审,Stack Overflow Possible Duplicate链接,原问题正文明确指向另一问题为Possible Duplicate。,0.720416,23,23,1,1,重复,0.695395,23,23,1,1
A227,11519004,Formatting Excel using PL/SQL,: Create an Excel Spreadsheet from a Oracle Database Writing in ExcelSheet using UTL_FILE package in Oracle I am generating CSV file with the UTIL_File package. Now I would like to format the header in bold when it is opened in MS Excel. Is there any way to do that using PL/SQL and Oracle 9i? Thanks,oracle-database|excel|plsql,6017863,Create an Excel Spreadsheet from a Oracle Database,I have a table in a Oracle database. I have to create a complex spreadsheet structure from the Oracle table. I am looking for best approach to achieve this. Can I use SSIS or use some Oracle utilities to create the spreadsheet. Any help would be extremely appreciated. Thanks in advance. Regards Dibs,oracle-database|spreadsheet|export-to-excel,初审完成，待第二人复核,重复,Codex机器辅助初审,Stack Overflow Possible Duplicate链接,原问题正文明确指向另一问题为Possible Duplicate。,0.381812,14,10,0,0,相关但不重复,0.361076,14,10,0,0
A228,14564641,Drop a table in a procedure,": Oracle: If Table Exists Drop table if it exists I'm trying to create this procedure but I get an error. CREATE OR REPLACE PROCEDURE SP_VEXISTABLA(NOMBRE IN VARCHAR2) IS CANTIDAD NUMBER(3); BEGIN SELECT COUNT(*) INTO CANTIDAD FROM ALL_OBJECTS WHERE OBJECT_NAME = NOMBRE; IF (CANTIDAD >0) THEN DROP TABLE NOMBRE; END IF; END; The error is: Error(8,1): PLS-00103: Encountered the symbol ""END"" when expecting one of the following: ( begin case declare exit for goto if loop mod null pragma raise return",oracle-database|plsql|oracle11g,1799128,Oracle: If Table Exists,"I'm writing some migration scripts for an Oracle database, and was hoping Oracle had something similar to MySQL's IF EXISTS construct. Specifically, whenever I want to drop a table in MySQL, I do something like DROP TABLE IF EXISTS `table_name`; This way, if the table doesn't exist, the DROP doesn't produce an error, and the script can continue. Does Oracle have a similar mechanism? I realize I could use the following query to check if a table exists or not SELECT * FROM dba_tables where table_n",sql|oracle-database|sql-drop,初审完成，待第二人复核,重复,Codex机器辅助初审,Stack Overflow Possible Duplicate链接,原问题正文明确指向另一问题为Possible Duplicate。,0.282422,26,25,0,0,相关但不重复,0.256238,26,25,0,0
A229,11414094,hibernate oracle identifier is too long ORA-00972,"Im stuck with this problem. The database schema is provided by someone else so I cant simply change names. I tried add everywhere proper annotations, maybe I'm missing something (obvious)? Here is my full mapping (quite many classess), I'll ommit getter/setters. The problem is when hibernate is trying to get all List<ControlRuleAttrib> controlRuleAttribs Controle Rule @Entity @Table(name = ""CONTROL_RULE"") public class ControlRule implements Serializable { @Id @GeneratedValue(strategy = Generatio",java|oracle-database|hibernate|oracle11g,61912390,SQLAlchemist and Oracle: ORA-00972: identifier is too long,"I have this code snippet: ora_engine = create_engine( f'oracle+cx_oracle://{user}:{pwd}@{dsn}', echo=True, max_identifier_length=30) ora_engine.connect() OraSession = sessionmaker(bind=ora_engine) ora_session = OraSession() Base = declarative_base() class AbcdefgAttrib(Base): __tablename__ = 'ABCDEFGH_ABCDEF.ABCDEFG_ATTRIBUTE' batchid = Column(String, primary_key=True) value_date = Column(DateTime) attribute_name = Column(String) attribute_value = Column(String) query = ora_session.query(Abcdefg",oracle-database|sqlalchemy,初审完成，待第二人复核,相关但不重复,Codex机器辅助初审,同簇高相似困难负例初审,共享错误码或多个核心术语，但具体输入、环境或解决目标不同；需第二位人工标注者复核。,0.192890,41,41,1,0,相关但不重复,0.218158,41,41,1,1
A230,45481319,"How to find the total number of orphan records in a schema in oracle. Result should be displayed as Child_table,Parent_table, No. of orphan records","How to find the total number of orphan records in a schema in oracle. Result should be displayed as Child_table,Parent_table, No. of orphan records",sql|oracle-database,48758567,Variable values in Oracle where Clause,"I am trying to pass an variable value in my Select statement where clause Declare v_WK varchar(20); exec :v_WK :='Wk 6' Select * from myTable Where Column = :v_Wk In toad it pop up the filtering window(How do I avoid that) DATE_DIM table is like below UNIQUE_ID WEEK_NAME WEEK_BEGIN WEEK_END 1 Week 6, 2018 20180205 20180211 2 Week 5, 2018 20180129 20180204 3 Week 4, 2018 20180122 20180128 4 Week 3, 2018 20180115 20180121 And Fact Table is like ACCT_ID WEEK_NAME SALES 10001 20180205 10 10001 20180",oracle-database|plsql,初审完成，待第二人复核,不相关,Codex机器辅助初审,跨簇低相似保守负例初审,来自不同基线簇且无共享核心标题词；需第二位人工标注者复核。,0.032356,38,17,0,0,不相关,0.032087,38,17,0,0
A231,55303456,How to set a criteria with child table,"I need to have query like this: select * from TABLE where Source_KEY in (1,2); My Hibernate class is like this: @Entity @Table(name = ""TABLE"", schema = ""SCH"") public class Table { private Long key; private Long id; private Source src; } Source is another entity class, @Entity @Table(name = ""SOURCE"", schema = ""SCH"") public class Source{ private Long Source_KEY; } Now i have written a criteria but it seems to have an issue. Please can anyone advice on this. private static final List<String> STAY_S",oracle-database|hibernate|criteria,57008714,How to write large raw XML file to Oracle db using Blob object?,"I have a function which converts my large XML file to byte array using FileInputStream . It runs fine within my IDE but on when run independently via the executable jar , it throws Exception in thread ""main"" java.lang.OutOfMemoryError: Java heap space . I'm reading this large file in a byte array to store it as a Blob in the target DB. I don't have control over how the Blob is stored, I just have access to the stored procedure to insert the Blob. Is there a way to read and write chunks of data w",java|xml|oracle-database|blob,初审完成，待第二人复核,不相关,Codex机器辅助初审,跨簇低相似保守负例初审,来自不同基线簇且无共享核心标题词；需第二位人工标注者复核。,0.037324,41,9,0,0,不相关,0.039629,41,9,0,0
A232,51124896,Create trigger to insert After Update the table,"Create a trigger named trigger_contact_af_update that is triggered whenever the contact table is updated. This trigger will insert the org_name and action into the table contact_log_history after the update of contact details. The action name in the affected log table contact_log_history is 'After_Update_Contact' . Hints: Trigger name : trigger_contact_af_update Table name : contact_log_history Field names : org_name,action Action : 'After_Update_Contact'. The table structure of contact_log_hist",oracle-database|triggers,66363942,"Oracle SQL trigger after insert, update table with corresponding columns","This is my code for creating the trigger update table with corresponding columns CREATE TRIGGER TR_trig after insert ON TR FOR EACH ROW UPDATE IT SET ODNUM = TR.ODNUM, SET INEM = TR.INEM, SET QTS = TR.QTS, SET PR = TR.PR, WHERE IT.ORNUM = TR.ORDNUM",sql|oracle-database,初审完成，待第二人复核,相关但不重复,Codex机器辅助初审,同簇高相似困难负例初审,共享错误码或多个核心术语，但具体输入、环境或解决目标不同；需第二位人工标注者复核。,0.377104,44,44,1,0,相关但不重复,0.373983,44,44,1,1
A233,12127814,Database design to create tables on the fly,"I need to create dynamic tables in the database on the fly. For example, in the database I will have tables named: Table Column DataType TextData NumberData DateTimedata BitData Here I can add a table in the table named table, then I can add all the columns to that table in the columns table and associate a datatype to each column. Basically I want to create tables without actually creating a table in the database. Is this even possible? If so, can you direct me to the right place so I can resea",mysql|sql|sql-server|oracle-database|postgresql,12131443,Database within a database (table design),": Database design to create tables on the fly I have a need to create a database within a database. This question is related to this . I will attempt to explain what i am trying to do in detail and provide examples in code. basically, I want to ability to create dynamic tables in a database. For example, I will have a webpage that allows users to create their own table with columns and data. Here is the database design I came up with: aColumn aDataType aRow aTable zBit zDateTime zMoney zNumber z",mysql|sql|sql-server|oracle-database|postgresql,初审完成，待第二人复核,重复,Codex机器辅助初审,Stack Overflow Possible Duplicate链接,原问题正文明确指向另一问题为Possible Duplicate。,0.328576,31,33,0,0,相关但不重复,0.310262,31,33,0,0
A234,46284583,LPX-00607: Invalid reference: 'ends-with',"i am getting the below errpr : ORA-31011: XML parsing failed ORA-19202: Error occurred in XML processing LPX-00607: Invalid reference: 'ends-with'. 31011. 00000 - ""XML parsing failed"" *Cause: XML parser returned an error while trying to parse the document. *Action: Check if the document to be parsed is valid. when i am trying to execute the below statement in oracle SQLDeveloper, can some one pls help me in fixing the below query. select emp_id, Extract(emp_xml, '//node()[ancestor::item_content ",oracle-database,64166631,Oracle:Select Statement with If else in Oracle,"I have following two tables TestCustomer and TestEmail.I would like to retrieve emailAddress based on email_stat on TestCustomer and outside boolean parameter ""noFlag"".If noFlag is ""true"" get all the email addresses associated with customer_id other get only ""A"" ones.Any Help would be appreciated. create table TestEmail(emai_id varchar(18),emailaddress varchar(20)) create table TestCustomer(customer_id varchar(18),emai_id varchar(18),email_stat char(1)) Insert Into TestEmail(emai_id,emailaddress",sql|oracle-database|oracle11g|oracle10g,初审完成，待第二人复核,不相关,Codex机器辅助初审,跨簇低相似保守负例初审,来自不同基线簇且无共享核心标题词；需第二位人工标注者复核。,0.017285,19,17,0,0,不相关,0.020126,19,7,0,0
A235,11296361,How to create id with AUTO_INCREMENT on Oracle?,"It appears that there is no concept of AUTO_INCREMENT in Oracle, up until and including version 11g. How can I create a column that behaves like auto increment in Oracle 11g?",sql|oracle-database|auto-increment,13462320,Oracle Primary Key generation using the Entity Framework,: How to create id with AUTO_INCREMENT on Oracle? I am creating my first application that uses the Entity Framework to access data in an Oracle Database. The Database consists of 16 different related tables. So far I have created a prototype database and loaded some sample data using Oracle SQL Developer. The application is successfully reading the data from the selected tables as well as the related tables. Now it is time to start adding data from the application. We have had several discussion,database|oracle-database|entity-framework-4|primary-key,初审完成，待第二人复核,重复,Codex机器辅助初审,Stack Overflow Possible Duplicate链接,原问题正文明确指向另一问题为Possible Duplicate。,0.186369,7,33,0,0,相关但不重复,0.181439,7,33,0,0
A236,4489594,Performance implications of handling CLOBs with Oracle JDBC using SetBigStringTryClob,"I am in process of reviewing some old Java/JDBC code for CLOB-handling on oracle database. Existing code uses approach similar to the approach mentioned in this question . I found an article that states: Prior to Oracle JDBC 10g, to manipulate the CLOB data in JDBC, Oracle extension class oracle.sql.CLOB was used. But now, Oracle JDBC 10g has a few enhancements that simplifies the CLOB manipulation in JDBC applications. This enables handling of large data using some of the available standard API",java|oracle-database|jdbc|clob,50353288,Update a column using Subquery in oracle,I have an EMPLOYEE table below: EMP_ID DEPT_ID 101 1 102 2 103 3 104 1 And a DEPARTMENT table as: DEPT_ID COUNTS 1 2 3 I want to write a query which would count the number of Employee that belong to a department and store it into Department column table so the Department table will look like: DEPT_ID COUNTS 1 2 2 1 3 1 The solution is update department p set counts = (select count(*) from EMPLOYEE e where p.dept_id = e.dept_id); But i really dont understand how it works internally How does it kn,sql|oracle-database,初审完成，待第二人复核,不相关,Codex机器辅助初审,跨簇低相似保守负例初审,来自不同基线簇且无共享核心标题词；需第二位人工标注者复核。,0.009336,41,48,0,0,不相关,0.004096,41,48,0,0
A237,10268499,compare date with current date using check constraint in oracle,": Using date in a check constraint, Oracle using this query for making check constraint in oracle alter table ""ADVERTISEMENT"" add constraint ""ADVERTISEMENT_DATE"" check ( ""AD_DATE"" ad_date>=sysdate) / but, getting error ORA-00920: invalid relational operator",oracle-database|date|constraints,5332562,"Using date in a check constraint, Oracle","I am trying to check add the following constraint but Oracle returns the error shown below. ALTER TABLE Table1 ADD (CONSTRAINT GT_Table1_CloseDate CHECK (CloseDate > SYSDATE), CONSTRAINT LT_Table1_CloseDate CHECK (CloseDate <= SYSDATE + 365)), CONSTRAINT GT_Table1_StartDate CHECK (StartDate > (CloseDate + (SYSDATE + 730)))); Error: Error report: SQL Error: ORA-02436: date or system variable wrongly specified in CHECK constraint 02436. 00000 - ""date or system variable wrongly specified in CHECK c",oracle-database|date|constraints,初审完成，待第二人复核,重复,Codex机器辅助初审,Stack Overflow Possible Duplicate链接,原问题正文明确指向另一问题为Possible Duplicate。,0.514859,33,25,0,0,相关但不重复,0.502162,33,25,0,0
A238,22023670,Regexp_substr to parse a string into pieces,"I have been stuck all morning on this and was hoping to get some help. I have been reading what I can find but I am having troubles applying it in my situation. I have records similar to this: A123-700 A123-700 / WORD-8 A123 / A456 WORD-8 / A456-800 I need to break these up into a ""type"" and ""series"" and ignore ""WORD-8"" For example A123-300 would be type=A123, series=300 A123-300 / WORD-8 would be type=A123, series=300 A123 / A456 would be type=A123, type=A456 WORD-8 / A456-200 would be type=A45",regex|oracle-database|plsql,5340753,Oracle - Hudson Jobs : Schema vs User,"we have different hudson jobs that interact with the database. Because they all write to the database and delete data, we could not run 2 jobs at the same time, fearing a possibility of race condition. So we decided that we will create different users for each job ( which in case will result in different schema's). I created a new user, logged into oracle, still I was able to see the tables and data that the other user inserted. My understanding is that you'll get a clean slate when the new user",java|database|oracle-database|hudson,初审完成，待第二人复核,不相关,Codex机器辅助初审,跨簇低相似保守负例初审,来自不同基线簇且无共享核心标题词；需第二位人工标注者复核。,0.022829,37,15,0,0,不相关,0.022109,37,15,0,0
A239,26351192,Calling an Oracle Stored Procedure in Java,"Here's how I'm able to execute my stored procedure through SqlDeveloper var p refcursor; exec DMG.Getstudentids(12342343,:p); print p; Output P ----------- STUDENT_ID ----------- 23432425 54353455 Now I'm trying execute the stored procedure the same way but in Java. Here's my code and I'm missing something about the input/output parameters or their datatypes. Connection connection = DriverManager.getConnection(url, user, pass); CallableStatement cs = connection.prepareCall(""{call DMG.Getstudenti",java|database|oracle-database|stored-procedures|sys-refcursor,54808890,Java calling PL/SQL Stored Procedure with Table as IN Paramater,I've been trying to find a way for java to send a table datatype to a stored procedure but can't get around on how java can pass a table to stored procedure. Stored Procedure: CREATE OR REPLACE PROCEDURE SPNAME( INPUT_PARAMS IN USER.TABLENAME ) AS INSERTVALUES VARCHAR2(10000); BEGIN -- do stuffs END SPNAME;,java|oracle-database|jdbc|plsql,初审完成，待第二人复核,相关但不重复,Codex机器辅助初审,同簇高相似困难负例初审,共享错误码或多个核心术语，但具体输入、环境或解决目标不同；需第二位人工标注者复核。,0.336003,19,17,0,0,相关但不重复,0.342760,9,17,0,0
A240,21679172,How should I store 500 key-value pairs in a legacy database?,"I have a legacy table with 260 columns: 4 storing global values and 256 columns storing parameters. I need to extend the table to store 512 values. The optimal solution would be to create a child table with only three columns (id, value, parent_id) and so store as many parameters as needed. However this will require a significant rewriting of the code and I am not sure about the performance. Another solution is simply to extend the table (making it wider) to store twice as many values. This is a",sql|oracle-database|database-design,23809407,order by asc and desc,"I need select some rows from table but that rows have to be ordered by ROWNUMBER asc and if ROWNUMBER is null i must order by created desc ; This is my sql query without order by condition; SELECT FIN_CGU.*, RES.ROWNUMBER FROM COMM$GROUP_USER FIN_CGU FULL JOIN (SELECT AGGR_RES.R_GR AS TOT_GR, ROW_NUMBER() OVER(ORDER BY AGGR_RES.M_DATE DESC) AS ROWNUMBER FROM (SELECT MSG.GROUP_ID AS R_GR, MAX(MSG.CREATED) AS M_DATE FROM COMM$MESSAGE MSG JOIN COMM$GROUP_USER GR_USR ON GR_USR.GROUP_ID = MSG.GROUP_I",sql|oracle-database|sql-order-by,初审完成，待第二人复核,不相关,Codex机器辅助初审,跨簇低相似保守负例初审,来自不同基线簇且无共享核心标题词；需第二位人工标注者复核。,0.023143,8,5,0,0,不相关,0.018187,8,6,0,0
A241,12825196,Top n percent top n%,"I do have the following code. SQL> select * from student_gpa; SSN GPA --------------- ---------- 22222 3 11111 4 55555 3 33333 4 44444 3 I do have this function to get the top two gpa score rows. SQL> select * from (select ssn, gpa from student_gpa order by gpa desc) where rownum <= 2; SSN GPA --------------- ---------- 11111 4 33333 4 My question is what function do I use to get the top n% of the GPA score. For example, Since I have two individuals with a GPA of 4, dense rank would return 11111",oracle-database|sqlplus,12826689,Top N% students oracle,": Top n percent top n% SQL> select ssn, gpa from (select ssn, gpa, rank() over(partition by ssn order by gpa desc) as rank, count(*) over(partition by ssn) as no_students SQL> from students_gpa) Error * ERROR at line 1: ORA-00936: missing expression I am trying to get the top 5% of students with a GPA of 4. Since I have two students with a GPA of 4, I want to report both students and not just one one 1 student who occupies the first row. Any help will be appreciated.",oracle-database|sqlplus,初审完成，待第二人复核,重复,Codex机器辅助初审,Stack Overflow Possible Duplicate链接,原问题正文明确指向另一问题为Possible Duplicate。,0.563277,28,29,0,0,相关但不重复,0.542475,28,29,0,0
A242,4020786,"Oracle ""(+)"" Operator","I am checking some old SQL Statements for the purpose of documenting them and probably enhancing them. The DBMS is Oracle. I did not understand a statement which read like this: select ... from a,b where a.id=b.id(+) I am confused about the (+) operator, and could not get it at any forums... (searching for + within quotes didn't work either). Anyway, I used 'Explain Plan' of SQLDeveloper and I got an output saying that HASH JOIN, RIGHT OUTER , etc. Would there be any difference if I remove the (",sql|oracle-database|join|outer-join,7030979,Sql query question,": Oracle ""(+)"" Operator Can some one tell me what does (+) sign do in sql.. Thanks a.sample_nbr = b.sample_nbr (+) and a.sample_nbr = b.sub_sample_nbr (+) and",sql|oracle-database,初审完成，待第二人复核,重复,Codex机器辅助初审,Stack Overflow Possible Duplicate链接,原问题正文明确指向另一问题为Possible Duplicate。,0.176825,28,35,0,0,相关但不重复,0.152625,28,35,0,0
A243,14110433,Trigger based on sysdate,"I have a table Table Schema: CREATE TABLE CHARGES ( total NUMBER(30), admitdate TIMESTAMP(6), dischargedate TIMESTAMP(30) ) Trigger Algorithm: if { dischargedate=""null"" then total=admitdate-sysdate=difference in days * Total Do this every day at 12:00(24 Hr. Format) } else { Do Nothing; } My question is what to do if the system is offline at 12:00 am. This problem will not allow the trigger to run.",sql|database|oracle-database|plsql|triggers,14113190,Events based on sysdate,": Trigger based on sysdate 1.I have a table on which i have to perform update operations everyday at 12:00(24 Hr. Format). How should I accomplish this? Table Schema: CREATE TABLE CHARGES ( total NUMBER(30), admitdate TIMESTAMP(6), dischargedate TIMESTAMP(30) ) Update Algorithm: if { dischargedate=""null"" then total=admitdate-sysdate=difference in days * Total Do this every day at 12:00(24 Hr. Format) } else { do nothing. }",sql|database|oracle-database|plsql|triggers,初审完成，待第二人复核,重复,Codex机器辅助初审,Stack Overflow Possible Duplicate链接,原问题正文明确指向另一问题为Possible Duplicate。,0.847562,3,3,1,1,重复,0.811942,3,3,1,1
A244,47005505,cx_Oracle.DatabaseError: ORA-12514: TNS:listener does not currently know of service requested in connect descriptor,"I am trying to do a sanity testing of newly installed Oracle client 12.2 in RHEL 7 linux from a Python program, but it fails with the above error, not sure what I am missing on there. Please help with this case : cx_Oracle.DatabaseError: ORA-12514: TNS:listener does not currently know of service requested in connect descriptor my tnsnames.ora file under /home directory FRDLD2D1 = (DESCRIPTION = (ADDRESS_LIST = (ADDRESS = (PROTOCOL = TCP)(Host = frdld2d1.de.db.com)(Port = 1825)) ) (CONNECT_DATA =",python|linux|oracle-database|database-connection|cx-oracle,51485314,"Getting ""ORA-12514, TNS:listener does not currently know of service requested in connect descriptor"" in JBoss DB Source Configuration","I'm having the same problem in both JBOSS EAP 6.3 and 7.1. And the EAP is running in Windows environment. I have 2 Data sources: one is for test, one is for stg. They are having very similar Connection URL: jdbc:oracle:thin@//tst-server.tst.myapp.com:1599/testdb jdbc:oracle:thin@//stg-server.stg.myapp.com:1521/stgdb I'd been switching back and forth between these 2 in JBoss Data Sources at my local computer without any problem until one day I got this error message(ORA-12514) trying to switch to",java|oracle-database|jdbc|jboss,初审完成，待第二人复核,相关但不重复,Codex机器辅助初审,同簇高相似困难负例初审,共享错误码或多个核心术语，但具体输入、环境或解决目标不同；需第二位人工标注者复核。,0.371439,20,20,1,0,相关但不重复,0.344421,20,20,1,1
A245,3494567,what is the to-char equivalent tsql/sql server 2008,"I am used to oracle and now been thrown T-SQL, I am doing a course shortly but can you help out until then. I have a list that I need to group in minutes. Sample of rowdate data SELECT ROWDATE,count(rowdate) FROM [mydb].[dbo].[mytable] GROUP BY ROWDATE order by 1 2010-08-16 15:01:18.110 1 2010-08-16 15:01:18.203 1 2010-08-16 15:01:18.377 1 2010-08-16 15:01:18.453 1 2010-08-16 15:01:18.530 1 2010-08-16 15:01:18.610 1 2010-08-16 15:01:18.703 1 2010-08-16 15:01:18.813 1 2010-08-16 15:01:18.953 1 20",sql|oracle-database|t-sql|sql-server-2008,52786887,Oracle error message input value not long enough,"I need help with the below query. I am getting an error message : ERROR: Error fetching from cursor. ORACLE error is ORA-01840 : input value not long enough for date format. What input value is this referring to not being in date format? I can't figure this out. I do see where it refers to AND Removed>= TO_DATE('08162011', 'MMDDYYYY') . Removed",sql|oracle-database,初审完成，待第二人复核,不相关,Codex机器辅助初审,跨簇低相似保守负例初审,来自不同基线簇且无共享核心标题词；需第二位人工标注者复核。,0.014420,45,39,0,0,不相关,0.008752,33,39,0,0
A246,41771967,SQL command not properly ended with WHERE statement,"With this statement: SELECT CITY, LENGTH(CITY) FROM STATION ORDER BY LENGTH(CITY) WHERE ROWNUM = 1; why do I get this error: ERROR at line 1: ORA-00933: SQL command not properly ended SELECT CITY, LENGTH(CITY) FROM STATION ORDER BY LENGTH(CITY) WHERE ROWNUM = 1",sql|oracle-database,48780903,"'limit' clause in Oracle SQL ""SQL command not properly ended""","I know that questions related to 'limit' have been asked before here, and I have already referred to them. My question is somewhat different. Here's my query: select id,somecol from sometable where someval=2 order by id desc limit 3 I'm getting an error saying 'SQL command not properly ended'. How do I resolve this? If you need additional information, feel free to tell me so.",sql|oracle-database|limit,初审完成，待第二人复核,相关但不重复,Codex机器辅助初审,同簇高相似困难负例初审,共享错误码或多个核心术语，但具体输入、环境或解决目标不同；需第二位人工标注者复核。,0.347396,4,4,1,0,相关但不重复,0.338213,4,4,1,1
A247,20604736,Sql query with bind variables execution in Jdbc,"I have a sql query like this. select ""DEPT"".""DEPTNO"" as ""DEPTNO1"", ""DEPT"".""DNAME"" as ""DNAME1"", ""DEPT"".""LOC"" as ""LOC1"", ""EMP"".""COMM"" as ""COMM1"", ""EMP"".""EMPNO"" as ""EMPNO1"", ""EMP"".""ENAME"" as ""ENAME1"", ""EMP"".""HIREDATE"" as ""HIREDATE1"", ""EMP"".""JOB"" as ""JOB1"", ""EMP"".""MGR"" as ""MGR1"", ""EMP"".""SAL"" as ""SAL1"" from ""EMP"" , ""DEPT"" where ""DEPT"".""DEPTNO"" in (:DeptNo) //This is the Jdbc code Class.forName(DB_DRIVER); dbConnection = DriverManager.getConnection(DB_CONNECTION, DB_USER, DB_PASSWORD); Statement statm",java|sql|oracle-database|jdbc,42244399,Oracle SQL Select - Valid select list according to syntax diagram,"I ran a SELECT-Statement like the following in Oracle successfully: SELECT a.*, b.* FROM table_a a, table_b b; Here I give table table_a the alias 'a' and table_b the alias 'b'. Then I use the two table aliases in the select list ('a.*, b.*') with an asterisk for each table alias to select all columns from both tables. Sure, I could just use '*' as select list to get all columns from both tables, but it's about what is valid for the select list (like here 'a.*, b.*'). I can execute a statement l",sql|oracle-database|select|syntax,初审完成，待第二人复核,不相关,Codex机器辅助初审,跨簇低相似保守负例初审,来自不同基线簇且无共享核心标题词；需第二位人工标注者复核。,0.050052,37,37,1,0,相关但不重复,0.045000,37,37,1,0
A248,681016,Connect tables with ODBC,To connect multiple tables in Oracle with ODBC do we need to create different DSN for different tables?,oracle-database|odbc,55470306,How to connect to Oracle by ODBC,"I have to connect from Microsoft SQL Server Management Studio to Oracle database. Client said that i have access by ODBC. I know ip, port, userName, password and SID. Should I add a linked server? Or can I do it only in query? I never used before other databases so i don't know how to connect.",sql-server|oracle-database|odbc,初审完成，待第二人复核,相关但不重复,Codex机器辅助初审,同簇高相似困难负例初审,共享错误码或多个核心术语，但具体输入、环境或解决目标不同；需第二位人工标注者复核。,0.459311,10,10,1,0,相关但不重复,0.408192,10,10,1,1
A249,18364280,Inserting query results into table named by a variable,"I have a stored procedure which runs many queries and obtains a lot of values which it stores in variables. I want this procedure to be able to be able to insert the query results into a table which is given by the user. I would store the given table name as a varchar parameter but how can I insert into this table? At compile time, Oracle is saying that the table does not exist.",sql|oracle-database|variables,6280465,Am I closing this Oracle pooled connection correctly?,I am attempting to use a pooled connection for my web application in Java. I am using an Oracle database and here is my code: public class DatabaseHandler { static private Connection m_database = null; static private OracleConnectionPoolDataSource pooledSource = null; /** * Attempts to open an Oracle database located at the specified serverName and port. * @param serverName Address of the server. * @param portNumber Port to connect to. * @param sid SID of the server. * @param userName Username t,java|sql|database|oracle-database,初审完成，待第二人复核,不相关,Codex机器辅助初审,跨簇低相似保守负例初审,来自不同基线簇且无共享核心标题词；需第二位人工标注者复核。,0.019278,25,18,0,0,不相关,0.018978,25,18,0,0
A250,11510870,LISTAGG in Oracle to return distinct values,"I am trying to use the LISTAGG function in Oracle. I would like to get only the distinct values for that column. Is there a way in which I can get only the distinct values without creating a function or a procedure? col1 col2 Created_by 1 2 Smith 1 2 John 1 3 Ajay 1 4 Ram 1 5 Jack I need to select col1 and the LISTAGG of col2 (column 3 is not considered). When I do that, I get something like this as the result of LISTAGG : [2,2,3,4,5] I need to remove the duplicate '2' here; I need only the dist",sql|oracle-database|aggregate-functions|listagg,11623713,Eliminate duplicates using Oracle LISTAGG function,": LISTAGG in oracle to return distinct values I am using Oracle LISTAGG function but within my list of returned names I actually would like to eliminate duplicates and only return distinct values. The query I have is something like this: select a.id, a.change_id, LISTAGG(b.name, ',') WITHIN GROUP (ORDER BY b.name) AS ""Product Name"", from table_a a, table_b b where a.id = 1 and b.change_id = c.change_id group by a.id, a.change_id At the moment, it is returning (just showing one record): 1 1 NameA",sql|oracle-database|plsql|analytics|oracle11gr2,初审完成，待第二人复核,重复,Codex机器辅助初审,Stack Overflow Possible Duplicate链接,原问题正文明确指向另一问题为Possible Duplicate。,0.380129,27,6,0,0,相关但不重复,0.361007,27,6,0,0
A251,12107672,Order by in Select statement in select list,"Can we use Order By clause when we are using Select Query in Select List ? I want to write query like this :- select col1 , col2 , (select colX from table2 where table2.col1=table1.col1 and rownum<2 order by colY desc) , (select colXX from table3 where table3.col1=table1.col1 and rownum<2 order by colYY desc) from table1; I can't join the table. Its just example of what I want. OK. Here is the thing. I have following code written in SQL Server . I want to convert it into Oracle. SELECT BANK_ADDR",oracle-database|select|sql-order-by,75889844,"In Oracle, how to calculate DateDiff and use it in WHERE","In a table, there are multiple columns, include DATE1 and DATE2. I want to calculate the date difference in DATE1 and DATE2, and use it in a WHERE clause. The date difference has to between 30 to 90 days. How to do it? I've tried to use the function below, but no luck. @DATEDIFF ('difference', 'date', 'date')",oracle-database|datediff,初审完成，待第二人复核,不相关,Codex机器辅助初审,跨簇低相似保守负例初审,来自不同基线簇且无共享核心标题词；需第二位人工标注者复核。,0.046114,27,13,0,0,不相关,0.029431,37,13,0,0
A252,36013229,Ambigous answer from Oracle SDO_GEOM.RELATE,"I'm having some trobule using a the SDO_GEOM.RELATE Oracle Spatial function. I'm using Oracle 11.2.0.3 and SRIM 8307. I've e polyline and point and relating them with the following query I've some strange answer: select SDO_GEOM.RELATE((select georoute from t_georoute where id_georoute = 2196), 'CONTAINS', pk_spatial.get_geo_point(43856030232), 20) CONTAINS, SDO_GEOM.RELATE((select georoute from t_georoute where id_georoute = 2196), 'COVEREDBY', pk_spatial.get_geo_point(43856030232), 20) COVERED",oracle-database|spatial,42664170,Minimum date form a oracle collection,My collection is like: TYPE ty_tb_v_cltbs_account_comp_sch IS TABLE OF cltb_account_comp_sch%ROWTYPE INDEX BY BINARY_INTEGER; TYPE ty_cldaccnt IS RECORD ( v_cltbs_account_comp_sch ty_tb_v_cltbs_account_comp_sch); From this collection I can access date values like v_cltbs_account_comp_sch.due_date For all the values which are coming in the collection I want to get the minimum date out of v_cltbs_account_comp_sch.due_date using pl/sql block. How can I do it? Please help.,oracle-database|collections|plsql,初审完成，待第二人复核,不相关,Codex机器辅助初审,跨簇低相似保守负例初审,来自不同基线簇且无共享核心标题词；需第二位人工标注者复核。,0.008255,7,29,0,0,不相关,0.008762,7,29,0,0
A253,17070470,Missing right parenthesis in Oracle query,"I am trying to find, for shop S9, the friend of the user who posted the most number of reviews for it. I have the following query: select friend_id from friends where user_id = ( select author_id from posted_reviews_tab where rownum <= 1 and reviewid in ( select w.reviews.reviewid from wall_tab w where w.shopid = 'S9' ) group by author_id order by count(author_id) desc ); I get the following error: SQL Error: ORA-00907: missing right parenthesis 00907. 00000 - ""missing right parenthesis""",sql|oracle-database,27094858,Missing right parenthesis in SQL when using MINUS,"I am getting a ""missing right parenthesis"" error message for the below code; I don't understand why. select region_name, avg(population) as atlagos_lakossag from world_regions, countries where world_regions.region_id = countries.region_id group by region_name minus select region_name, min(lol) as atlagos_lakossag from (select region_name, avg(population) as lol from countries, world_regions where world_regions.region_id = countries.region_id group by region_name);",sql|oracle-database,初审完成，待第二人复核,相关但不重复,Codex机器辅助初审,同簇高相似困难负例初审,共享错误码或多个核心术语，但具体输入、环境或解决目标不同；需第二位人工标注者复核。,0.479187,39,39,1,0,相关但不重复,0.490406,39,39,1,1
A254,13111390,"how to get first female of each tool, oracle database",: Oracle SQL - How to Retrieve highest 5 values of a column I'm writing oracle query but stuck in the following problem table is like this: **Tool** **Name** **Gender** Facebook Alice F Facebook Alex M Facebook Loong M Facebook Jimmy M Twitter James M Twitter Jessica F Twitter Sam M Twitter Kathrine F Google Rosa F Google Lily F Google Bob M What I wanna get is the first female in each tool the result should be like: Facebook Alice Twitter Jessica Google Rosa I'm trying to get this by using quer,sql|oracle-database|top-n,2306744,Oracle SQL - How to Retrieve highest 5 values of a column,How do you write a query where only a select number of rows are returned with either the highest or lowest column value. i.e. A report with the 5 highest salaried employees?,sql|oracle-database|top-n,初审完成，待第二人复核,重复,Codex机器辅助初审,Stack Overflow Possible Duplicate链接,原问题正文明确指向另一问题为Possible Duplicate。,0.275839,48,47,0,0,相关但不重复,0.260382,15,47,0,0
A255,59329738,"Oracle SQL Trigger: After Update, Insert Rows into Another Table","I am trying to write a trigger on one table that is triggered when the quantity in stock = 0. It will then add a row to another table with the product_id and store_id to indicate that item needs to be evaluated for reorder. After over 4 hours of searching and trying, I made an account here. I'm a new user and this could be totally off. This is my latest attempt: CREATE OR REPLACE TRIGGER ORDERS_AFTER_UPDATE AFTER UPDATE OF QUANTITY_STOCK ON INVENTORY FOR EACH ROW WHEN (NEW.QUANTITY_STOCK - OLD.Q",sql|oracle-database|sql-insert|database-trigger,66363942,"Oracle SQL trigger after insert, update table with corresponding columns","This is my code for creating the trigger update table with corresponding columns CREATE TRIGGER TR_trig after insert ON TR FOR EACH ROW UPDATE IT SET ODNUM = TR.ODNUM, SET INEM = TR.INEM, SET QTS = TR.QTS, SET PR = TR.PR, WHERE IT.ORNUM = TR.ORDNUM",sql|oracle-database,初审完成，待第二人复核,相关但不重复,Codex机器辅助初审,同簇高相似困难负例初审,共享错误码或多个核心术语，但具体输入、环境或解决目标不同；需第二位人工标注者复核。,0.280310,49,44,0,0,相关但不重复,0.279576,32,44,0,0
A256,27685240,ORA-06550:PLS-00306: wrong number or types of arguments in call;ORA-06550:,"Simple insert operation via vb.net but getting error: ORA-06550: line 1, column 7: PLS-00306: wrong number or types of arguments in call to 'PROCEDURE_NAME' ORA-06550: line 1, column 7: May be I am missing or overlooking something. Some help will be really appreciated. SQL: CREATE OR REPLACE procedure SG.PROCEDURE_NAME( TypeDefinitionFinal in Char, TypeValueFinal in Char, ValidFrom in Char, ValidTo in Char, MethodType in integer, MethodValue in number, Reason in Char, CurrentTimeStamp in Date, L",vb.net|oracle-database|stored-procedures|arguments,75296226,"ORA-06550 wrong number or types of arguments in call to Procedure, Statement ignored","I am trying to insert data in to oracle database using Packaged stored procedure, But its giving the exception that wrong number or types of argument in call. Below is c# Code block _unitOfWork.BeginTransaction(); var ID = new OracleParameter(""i_ID"", OracleDbType.Decimal, null, ParameterDirection.InputOutput); var para = new OracleParameter[] { ID, new OracleParameter(""i_PERSON_ID"", OracleDbType.Decimal, iCPREC.PERSON_ID, ParameterDirection.Input), new OracleParameter(""i_VENDOR_NAME"", OracleDbTy",c#|oracle-database,初审完成，待第二人复核,相关但不重复,Codex机器辅助初审,同簇高相似困难负例初审,共享错误码或多个核心术语，但具体输入、环境或解决目标不同；需第二位人工标注者复核。,0.352660,9,9,1,0,相关但不重复,0.437121,9,9,1,1
A257,2250196,SELECT INTO using Oracle,"I'm trying to do a SELECT INTO using Oracle. My query is: SELECT * INTO new_table FROM old_table; But I get the following error: SQL Error: ORA-00905: missing keyword 00905. 00000 - ""missing keyword"" Any ideas what's wrong? The Standard behavior of the above should be as I originally thought: However Oracle implemented it totally differently in their own dialect of SQL Oracle Docs on Insert ... Select",sql|oracle-database|ora-00905,8997399,Creating Duplicate Table From Existing Table,": SELECT INTO using Oracle I have one table in my oracle database. I want to create one table with another name, but containing same data. How to achieve this ?",oracle-database,初审完成，待第二人复核,重复,Codex机器辅助初审,Stack Overflow Possible Duplicate链接,原问题正文明确指向另一问题为Possible Duplicate。,0.020837,13,32,0,0,不相关,0.021356,39,32,0,0
A258,11801463,SFTP using Oracle?,": How to write a file into sftp using Oracle pl/sql? i read through couple of articles and past posts here, but would like to see if Oracle had this feature included in any of their recent releases. Does Oracle database have any SFTP libraries or functions or utilities ?",database|oracle-database|ftp|sftp,9209920,Write a file to SFTP using Oracle PL/SQL,"I wrote a PL/SQL procedure to connect to an FTP server. I am able to write a file to that FTP server. Using the same code I tried to connect to an SFTP server, but it failed. How do I connect to SFTP using PL/SQL?",oracle-database|plsql|ftp|oracle10g|sftp,初审完成，待第二人复核,重复,Codex机器辅助初审,Stack Overflow Possible Duplicate链接,原问题正文明确指向另一问题为Possible Duplicate。,0.591136,1,1,1,1,重复,0.580685,28,1,0,0
A259,2285527,ORA-12154: TNS:could not resolve the connect identifier specified,I am trying to connect to oracle 11g installed on Linux EL 5 and and getting the following error SQL> connect sys/password@ud06 as sysdba ERROR: ORA-12514: TNS:listener does not currently know of service requested in connect descriptor my listener.ora under network/admin is as follows LISTENER= (DESCRIPTION= (ADDRESS_LIST= (ADDRESS=(PROTOCOL=tcp)(HOST=ud06)(PORT=1521)) (ADDRESS=(PROTOCOL=ipc)(KEY=extproc)))) SID_LIST_LISTENER= (SID_LIST= (SID_DESC= (GLOBAL_DBNAME=orcl) (ORACLE_HOME=/home/oracle/,oracle-database|oracle11g|listener|tnsnames|ora-12514,21169625,"ping database successfully, but got error: ORA-12154: TNS:could not resolve the connect identifier specified","I created an asp.net console application. It runs successfully on my local computer. But after I deployed it to the dev server, I got the error: ORA-12154: TNS:could not resolve the connect identifier specified. I tried to ping the oracle database on the dev server and it was successful. What could have gone wrong?",asp.net|oracle-database|connection,初审完成，待第二人复核,相关但不重复,Codex机器辅助初审,同簇高相似困难负例初审,共享错误码或多个核心术语，但具体输入、环境或解决目标不同；需第二位人工标注者复核。,0.244444,20,20,1,0,相关但不重复,0.243945,20,20,1,1
A260,25147120,ORA-01843 - not a valid month oracle SQL,"Below I am attempting to pull information from an oracle database. However, I keep getting this error: Warning: oci_execute(): ORA-01843: not a valid month Why is my code publishing this error? TIA! Code: $objConnect = oci_connect(""user"", ""password"", ""(description=(address=(protocol=tcp)(host=host)(port=1533))(connect_data=(service_name=sid)))""); $weekSQL2 = ""SELECT * FROM INTOXDM.LSS_COP WHERE COP_WEEK = to_date('2014-08-06 00:00:00', 'yyyy-mm-dd HH24:MI:SS')""; $weekParse2 = oci_parse($objConne",php|sql|oracle-database,45912026,Identifier 'APEX_JSON.PARSE' must be declared in oracle 11.2.0,"I want to parse JSON in Oracle Database 11g Enterprise Edition Release 11.2.0.4.0 - 64bit Production . But below error reported: ORA-06550: line 4, column 5: PLS-00201: identifier 'APEX_JSON.PARSE' must be declared Here is my sample code: DECLARE s varchar2(32767) := '{ ""a"": 1, ""b"": [""hello"", ""world""]}'; BEGIN apex_json.parse(s); sys.dbms_output.put_line('a is '||apex_json.get_varchar2(p_path => 'a')); END; Does this version support this feature?",json|oracle-database|oracle11g|oracle-apex,初审完成，待第二人复核,不相关,Codex机器辅助初审,跨簇低相似保守负例初审,来自不同基线簇且无共享核心标题词；需第二位人工标注者复核。,0.026059,20,5,0,0,不相关,0.029464,20,5,0,0
A261,12750713,sequence start with 1 when table empty,": How do I reset a sequence in Oracle? I have a table in oracle db. The table contains huge number of rows always, say a few hundred thousands. I have set a id in that table and used a sequence and a trigger such that every time a record is inserted id is automatically generated and inserted. Now while traversing the existing rows through java code, sometimes the data in that table can be truncated and new rows can be inserted. In that case, I want the sequence to start again from 1 when the tab",oracle-database|sequence,51470,How do I reset a sequence in Oracle?,"In PostgreSQL , I can do something like this: ALTER SEQUENCE serial RESTART WITH 0; Is there an Oracle equivalent?",sql|database|oracle-database|sequence,初审完成，待第二人复核,重复,Codex机器辅助初审,Stack Overflow Possible Duplicate链接,原问题正文明确指向另一问题为Possible Duplicate。,0.352858,22,31,0,0,相关但不重复,0.339407,22,31,0,0
A262,1096853,Calculate difference between 2 date / times in Oracle SQL,I have a table as follows: Filename - varchar Creation Date - Date format dd/mm/yyyy hh24:mi:ss Oldest cdr date - Date format dd/mm/yyyy hh24:mi:ss How can I calcuate the difference in hours minutes and seconds (and possibly days) between the two dates in Oracle SQL? Thanks,oracle-database|date-arithmetic,8115349,ORACLE calculate hours between two timestamps,": Calculate difference between 2 date / times in Oracle SQL so i am creating a database for an airline as part of my university coursework. first time using oracle. I am trying to calculate the hours between two timestamps. so something like v_interval = new.departure_time - v_arrival_time; v_days = extract (day . v_interval); v_hours = extract (hours, v_interval) + (v_days * 24); how do you guys think i should do it?",sql|oracle-database|plsql|timestamp,初审完成，待第二人复核,重复,Codex机器辅助初审,Stack Overflow Possible Duplicate链接,原问题正文明确指向另一问题为Possible Duplicate。,0.392087,45,13,0,0,相关但不重复,0.385185,13,13,1,1
A263,1463983,Sql Query Problem,"i have problem when joining tables(left join) table1: id1 amt1 1 100 2 200 3 300 table2: id2 amt2 1 150 2 250 2 350 my Query: select id1,amt1,id2,amt2 from table1 left join table2 on table2.id1=table1.id2 my supposed o/p is: id1 amt1 id2 amt2 row1: 1 100 1 150 row2: 2 200 2 250 row3: 2 200 2 350 i want o/p in row3 as 2 null 2 350 ie i want avoid repetetion of data(amt1) friends help!",oracle-database,7305330,problem with update query,"I have a query UPDATE Table_1 SET Col1='Y' WHERE ROWID IN ( select ROWID from ( SELECT BUS_ID, row_number() over (partition by BUS_ID order by BUS_ID) dupe_count, rowid from Table_1 WHERE col2 <> 1 AND col3 <> 1 order by dbms_random.value ) ft where ft.dupe_count = 1 AND ROWNUM <= 1000 ); updates only 1000 rows in table Table_1. But if i write UPDATE Table_1 SET Col1='Y' WHERE ROWID IN ( select ROWID from ( SELECT BUS_ID, row_number() over (partition by BUS_ID order by BUS_ID) dupe_count, rowid ",sql|oracle-database|plsql,初审完成，待第二人复核,相关但不重复,Codex机器辅助初审,同簇高相似困难负例初审,共享错误码或多个核心术语，但具体输入、环境或解决目标不同；需第二位人工标注者复核。,0.060367,39,14,0,0,不相关,0.066811,39,21,0,0
A264,67398770,Select total average of averages grouped by id,"In my database that represents a car service station, I am trying to figure out a SQL query that would give me a total average of how much does the customer pays for a single service but instead of getting AVG() of the price on all existing Invoices, I want to group the invoices by the same reservation_id. After that, I would like to get the total average of all of those grouped results. I am using the two tables listed in the picture below. I want to get the value of a total average price by ap",sql|oracle-database|oracle11g|oracle-apex,73165049,How to pass my input from text area to my Interactive query,I have a APEX application where I want to pass the text area input to my interactive grid report query Textarea ABC XYZ HSJKS HSSK JK HSJK Query written on interactive report select * from emp where food_id in (:P2_TEXTAREA); Note : I have added a change event on :P2_TEXTAREA -> If any change happens the interactive report get refresh with data The text entered in TEXTAREA is in vertical format and their is no space after every row. As I posted the question to show that I have entered newline,oracle-database|oracle-apex,初审完成，待第二人复核,不相关,Codex机器辅助初审,跨簇低相似保守负例初审,来自不同基线簇且无共享核心标题词；需第二位人工标注者复核。,0.079918,48,23,0,0,不相关,0.079419,48,23,0,0
A265,47541488,How to display an attribute from one table using an ID from another,"I have the following tables in an Oracle database: CREATE TABLE Team ( teamID INT NOT NULL, teamName VARCHAR(50), wins INT, losses INT, otlosses INT, points INT, PRIMARY KEY (teamID) ); CREATE TABLE Matchup ( matchID INT NOT NULL, roundID INT NOT NULL, team1ID INT NOT NULL, team2ID INT NOT NULL, PRIMARY KEY (matchID), FOREIGN KEY (roundID) REFERENCES Round (roundID), FOREIGN KEY (team1ID) REFERENCES Team (teamID), FOREIGN KEY (team2ID) REFERENCES Team (teamID) ); I am looping through the matchup",php|sql|oracle-database|select,72562846,"Installing ODI gives ""com.sun.xml.bind.v2.runtime.reflect.opt.Injector.defineClass""",I'm trying to install the Oracle Fusion MiddleWare ODI 12.2.1.4.0 and getting the below error running the jar file. I'm not able to figure out how to resolve this error. C:\Users\test\Downloads\V983389-01>java -jar fmw_12.2.1.4.0_odi.jar Launcher log file is C:\Users\test\AppData\Local\Temp\OraInstall2022-06-09_10-50-42AM\launcher2022-06-09_10-50-42AM.log. Extracting the installer . . . . . . . . . . . . . . . . . . . . . . . . Done Checking if CPU speed is above 300 MHz. Actual 2592 Passed Chec,java|oracle-database,初审完成，待第二人复核,不相关,Codex机器辅助初审,跨簇低相似保守负例初审,来自不同基线簇且无共享核心标题词；需第二位人工标注者复核。,0.055236,33,40,0,0,不相关,0.073217,33,42,0,0
A266,20947696,SQL - PreparedStatement - Efficiency - JDBC,"Which is a better way to execute queries in JDBC Case 1 sql = ""SELECT * FROM TABLE_1 WHERE ID = 1""; conn.prepareStatement(sql); ps.executeQuery(); Case 2 sql = ""SELECT * FROM TABLE_1 WHERE ID = ?""; conn.prepareStatement(sql); ps.setInt(1,1); ps.executeQuery(); Note ps is PreparedStatement sql is String I have to query for 1300 ID's (0 to 1299) each time. Please do specify why that case is better... I have read that PreparedStatement precompiles the query",java|sql|oracle-database|jdbc,27825914,Tricky aggregation Oracle 11G,"I am using Oracle 11G. Here is my data in table ClassGrades: ID Name APlusCount TotalStudents PctAplus 0 All 44 95 46.31 1 Grade1A 13 24 54.16 2 Grade1B 11 25 44.00 3 Grade1C 8 23 34.78 4 Grade1D 12 23 52.17 The data (APlusCount,TotalStudents) for ID 0 is the sum of data for all classes. I want to calculate how each class compares to other classes except itself. Example: Take Grade1A that has PctAplus = 54.16. I want to add all values for Grade1B,Grade1C and Grade1D which is; ((Sum of APlusCount",sql|oracle-database|oracle11g,初审完成，待第二人复核,不相关,Codex机器辅助初审,跨簇低相似保守负例初审,来自不同基线簇且无共享核心标题词；需第二位人工标注者复核。,0.050174,18,6,0,0,不相关,0.048928,35,6,0,0
A267,5951442,Weblogic 10.3.4 clustered JMS,"I am trying to configure clustered JMS on Weblogic 10.3.4. I have a 4 node cluster plus my AdminServer already configured. I also have my JMS already configured and targeted to AdminServer. From reading the Weblogic documentation, I am not clear as how to cluster the JMS server. Could someone please explain how?",oracle-database|jms|weblogic|cluster-computing,5977530,Monitoring JMS queues in clustered JMS on Weblogic 10.3.4,"I have Weblogic 10.3.4 with a cluster of 2 managed servers, each with a JMS server. I also have a clustered JMS module with several ""Uniform Distributed Queue""s. I have verified via a simple Java class that my JMS cluster does work when going through a clustered t3 URL. However, I would like to monitor these clustered JMS queues and look at their messages in the Weblogic console. I know with a non-clustered JMS setup, I can go into the JMS module, then into the JMS queue, then to Monitoring, the",oracle-database|jms|weblogic|cluster-computing,初审完成，待第二人复核,相关但不重复,Codex机器辅助初审,同簇高相似困难负例初审,共享错误码或多个核心术语，但具体输入、环境或解决目标不同；需第二位人工标注者复核。,0.608405,5,5,1,1,重复,0.627699,5,5,1,1
A268,28115858,SQL Update column with random data from another table,I'd like to insert random names of table 2 into the records of table 1. Table 1: ID ... Name ... FurtherData Table 2: Name Is it possible to achieve this in a simple SQL statement? Kind regards,sql|oracle-database,69794847,SQL copy data from a column to another column from another table,"I have two tables DEP and DEPARTMENTS . I want to copy the data from DEPARTMENT 's column called ID_DEPARTMENT to DEP 's column called ID , but I keep getting either errors or says that nothing was updated.",sql|oracle-database,初审完成，待第二人复核,相关但不重复,Codex机器辅助初审,同簇高相似困难负例初审,共享错误码或多个核心术语，但具体输入、环境或解决目标不同；需第二位人工标注者复核。,0.299442,32,32,1,0,相关但不重复,0.299353,32,32,1,1
A269,243528,Oracle Hierarchical Query Performance,"We're looking at using Oracle Hierarchical queries to model potentially very large tree structures (potentially infinitely wide, and depth of 30+). My understanding is that hierarchal queries provide a method to write recursively joining SQL but they it does not provide any real performance enhancements over if you were to manually write an equivalent query... is this the case? What sort of experiences have people had, performance wise, with using oracle hierarchical queries?",performance|oracle-database|hierarchy,35160386,Performance of a sql query,"I'm exectuting command on large table. It has around 7 millons rows. Command is like this: select * from mytable; Now I'm restriting the number of rows to around 3 millons. I'm using this command: select * from mytable where timest > add_months( sysdate, -12*4 ) I have an index on timest column. But the costs are almost same. I would expect they will decrease. What am I doing wrong? Any clue? Thank you in advance! Here explain plans:",sql|oracle-database|performance|oracle11g,初审完成，待第二人复核,相关但不重复,Codex机器辅助初审,同簇高相似困难负例初审,共享错误码或多个核心术语，但具体输入、环境或解决目标不同；需第二位人工标注者复核。,0.227452,4,4,1,0,相关但不重复,0.225380,4,4,1,1
A270,51836874,cx_Oracle.DatabaseError: ORA-12170: TNS:Connect timeout occurred,"I am getting cx_Oracle.DatabaseError: ORA-12170: TNS:Connect timeout occurred error while connecting oracle from python. I have installed python 3.7.0 and instantclient_11_2. Below are the process i am doing, import cx_Oracle dsn_tns = cx_Oracle.makedsn( '<ip>', 1521, service_name = '<given service name>') connection = cx_Oracle.connect('user', 'pwd', dsn_tns) I have set system veriable PATH where oci.dll is present. What could be wrong?",python-3.x|oracle-database|cx-oracle|instantclient,59990464,ORA-12170: TNS:Connect timeout occurred in pycharm,"I have read this and a variety of other links online but don't understand. I am trying to connect to our oracle databases in python, specifically pycharm. I am just a business user and the only oracle tool installed on my machine is instantclient_19_5. I am trying to connect to our database in this manner: import cx_Oracle import os LOCATION = r""C:\Users\CN196483\PycharmProjects\recon\venv\oracle\instantclient_19_5"" os.environ[""PATH""] = LOCATION + "";"" + os.environ[""PATH""] dsnName = cx_Oracle.mak",oracle-database,初审完成，待第二人复核,相关但不重复,Codex机器辅助初审,同簇高相似困难负例初审,共享错误码或多个核心术语，但具体输入、环境或解决目标不同；需第二位人工标注者复核。,0.466888,20,20,1,0,相关但不重复,0.469139,20,20,1,1
A271,7670290,TNS:listener does not currently know of service requested in connect descriptor,I get ORA-12514:TNS:listener does not currently know of service requested in connect descriptor when running my application yet I can connect to the database via server explorer in visual studio. Where does the application look (when published) to get the information required to connect to the database? The connection string used by our application is correct.,asp.net|oracle-database,51485314,"Getting ""ORA-12514, TNS:listener does not currently know of service requested in connect descriptor"" in JBoss DB Source Configuration","I'm having the same problem in both JBOSS EAP 6.3 and 7.1. And the EAP is running in Windows environment. I have 2 Data sources: one is for test, one is for stg. They are having very similar Connection URL: jdbc:oracle:thin@//tst-server.tst.myapp.com:1599/testdb jdbc:oracle:thin@//stg-server.stg.myapp.com:1521/stgdb I'd been switching back and forth between these 2 in JBoss Data Sources at my local computer without any problem until one day I got this error message(ORA-12514) trying to switch to",java|oracle-database|jdbc|jboss,初审完成，待第二人复核,相关但不重复,Codex机器辅助初审,同簇高相似困难负例初审,共享错误码或多个核心术语，但具体输入、环境或解决目标不同；需第二位人工标注者复核。,0.438221,20,20,1,0,相关但不重复,0.442632,20,20,1,1
A272,470542,How do I limit the number of rows returned by an Oracle query after ordering?,"Is there a way to make an Oracle query behave like it contains a MySQL limit clause? In MySQL, I can do this: select * from sometable order by name limit 20,10 to get the 21st to the 30th rows (skip the first 20, give the next 10). The rows are selected after the order by , so it really starts on the 20th name alphabetically. In Oracle, the only thing people mention is the rownum pseudo-column, but it is evaluated before order by , which means this: select * from sometable where rownum <= 10 ord",sql|oracle-database|pagination|sql-limit,9767986,adding limit and offset to an oracle query that uses partition over,": How do I limit the number of rows returned by an oracle query? I have this query in oracle which gets all the discussions from the database with some metadata and thread discussion last poster. I want to add limit and offset to the query how can I change it in order to support it. SELECT * FROM (SELECT discussions.created_at, discussions.id, discussions.title, discussions.stub, users.username AS created_by, count(distinct threads.id) over (partition by discussions.created_at, discussions.title",sql|oracle-database,初审完成，待第二人复核,重复,Codex机器辅助初审,Stack Overflow Possible Duplicate链接,原问题正文明确指向另一问题为Possible Duplicate。,0.163731,34,36,0,0,相关但不重复,0.168084,34,36,0,0
A273,2154386,Spring's Stored Procedure - results coming back from procedure always empty,"I am using Spring's JdbcTemplate and StoredProcedure classes. I am having trouble getting the stored procedure class to work for me. I have a stored procedure on an oracle database. Its signature is CREATE OR REPLACE PROCEDURE PRC_GET_USERS_BY_SECTION (user_cursor OUT Pkg_Types.cursor_type , section_option_in IN Varchar2 , section_in IN Varchar2) AS .... where TYPE cursor_type IS REF CURSOR; I have create the following stored procedure class to get information from the oracle procedure private c",java|oracle-database|stored-procedures|jdbc|spring-jdbc,4995799,Java Spring JDBC Oracle Stored Procedure returns null,": Spring's Stored Procedure - results coming back from procedure always empty. I have the following code and although I know the call should result in contents I always get back an empty resultset can anyone suggest why? ParameterizedRowMapper<ExamPaper> mapper = new ParameterizedRowMapper<ExamPaper>() { public ExamPaper mapRow(ResultSet rs, int rowNum) throws SQLException { logger.info(""in the row mapper with""+rs.toString()); logger.info(""in the row mapper with x no of rows "" +rowNum); ExamPape",java|oracle-database|spring|jdbc,初审完成，待第二人复核,重复,Codex机器辅助初审,Stack Overflow Possible Duplicate链接,原问题正文明确指向另一问题为Possible Duplicate。,0.534741,9,9,1,0,相关但不重复,0.607601,9,9,1,1
A274,13043631,Does Oracle compress/minimise some repeating data in query result during transferring through network?,: Oracle 10g : Is transfer via database link compressed ? is it possible? I have a huge SQL query with a lot of fields in it. Most of data in this result are duplicates of each selves. Here is part of SQL result for your intelligence: RECORD_ID DATE_REC CAB PERSON_ID CODE1 CODE4 CODE2 CODE5 CODE5_VALUE CODE5_SUBVALUE1 CODE5_SUBVALUE2 CODE5_SUBVALUE3 CODE6_SUBVALUE1 CODE6_SUBVALUE2 CODE6_SUBVALUE3 1500747 31.10.2012 2260784 5664 26 552ec2af-c9d3-4f18-bc84-68d641fdbc5f HF2OUGVG11 JOHNSON DAVID MAT,sql|oracle-database|network-programming|compression|oracle-net-services,6081696,Is transfer via database link in Oracle 10g compressed ? Is it possible?,"I'm transferring data from one base to another via database links (using INSERT INTO SELECT ... ). I want to know if data transferred through the link is compressed or can be compressed to avoid too much network use. I have very little bandwidth, and I think that would help if it's not already done.",oracle-database|bandwidth|database-link|oracle-net-services,初审完成，待第二人复核,重复,Codex机器辅助初审,Stack Overflow Possible Duplicate链接,原问题正文明确指向另一问题为Possible Duplicate。,0.302572,33,25,0,0,相关但不重复,0.299723,33,32,0,0
A275,23653600,Oracle connectivity with NodeJS and ExpressJS,"I am trying to connect oracle with NodeJS. Steps followed as below. Pre - requisites there is no client installed except NodeJS(0.10.25) and npm(1.3.24). In my ExpressJS Project: npm install db-oracle There is no error found while installing. In app.js var oracle = require('db-oracle'); var connString = ""(DESCRIPTION=(ADDRESS=(PROTOCOL=TCP)(HOST=xxxx)(PORT=1521))(CONNECT_DATA=(SERVER=DEDICATED)(SERVICE_NAME=xxxx)))""; var connectData = { ""tns"": connString, ""user"": ""XPPS_OWNER"", ""password"": ""Ex3ec",node.js|oracle-database|npm,49218877,PL/SQL Triggers - Row Trigger,"I need to use a row trigger that updates all salaries using the formula: Salary = salary * 1.1 . The table created is as follows: Employee (EmployeeID, Name, Address, Phone, Salary) .",oracle-database|plsql,初审完成，待第二人复核,不相关,Codex机器辅助初审,跨簇低相似保守负例初审,来自不同基线簇且无共享核心标题词；需第二位人工标注者复核。,0.016545,20,44,0,0,不相关,0.020599,20,44,0,0
A276,25117318,JPA query extremely slow when setMaxResults is set,"In a particular project, I am facing a problem with a typed query in different configuration. When setting on a TypedQuery a maxResults value greater than the actual number of results returned by a query, getResultList() takes a really long time to execute (sometimes up to 350 seconds to retrieve 10 rows composed of 6 columns). In contrast, the same query without setMaxResults takes around 15 seconds to execute. The same query with WHERE parameters changed to retrieve a larger number of results ",java|sql|oracle-database|hibernate|jpa,8861332,ResultSet.next very slow only when query contains FIRST_ROWS or ROWNUM restriction,"I execute a native query using entityManager.createNativeQuery(sqlQuery); query.setMaxResults(maxResults); List<Object[]> resultList = query.getResultList(); To speed up the query, I thought to include the FIRST_ROWS(n) hint or limiting using WHERE ROWNUM > n . Using instrumentation, I see that indeed OraclePreparedStatement.executeQuery is faster, but a lot more time is spent in EJBQueryImpl.getResultList leading to an overall very poor performance. Looking more into detail, I see that every 10",java|oracle-database|jdbc|eclipselink,初审完成，待第二人复核,重复,Codex机器辅助初审,Stack Overflow Possible Duplicate链接,原问题正文明确指向另一问题为Possible Duplicate。,0.344537,34,34,1,0,相关但不重复,0.296795,34,34,1,1
A277,13700106,select 2nd row in Plsql,"Lets say I have the following table: SomeTable( id, price ) How do I select the 2nd highest priced row from this table? Note : This has to be done in Pl/SQL, in a database agnostic way. Is it possible to do this without any loops? I know how this is done using Oracle constructs like rownum or mysql constructs like limit , so I am not looking for those.",oracle-database|select|plsql|top-n,14657931,Oracle query to find the 2nd highest,": select 2nd row in Plsql I have this database movies (id: int, name: string, years: int, rating: ﬂoat) movies_genres (movie_id: int, genre: string) I need to find the For each genre, ﬁnd the 2nd best rated movie. Can this be generalized to ﬁnd the i’th rated movie?",sql|oracle-database|top-n,初审完成，待第二人复核,重复,Codex机器辅助初审,Stack Overflow Possible Duplicate链接,原问题正文明确指向另一问题为Possible Duplicate。,0.478869,4,31,0,0,相关但不重复,0.497230,4,31,0,0
A278,13004023,Passing variables into sqlplus query in perl,"I'm having an issue here. I am trying to pass a variable into a sqlplus query, and it does not seem to be working. my $connect = DBI->connect('DBI:Oracle:',$dbuser,$dbpasswd); my $query = ""select sum(transaction_amnt) from comm_to_cand natural join cmte_id_to_geo where cycle='?'"", $cycle; my $query_handle = $connect->prepare($query); $query_handle->execute(); $cmte_money = $query_handle->fetchrow_array(); print 'Money: '; print $cmte_money; if($cmte_money > 0) { print 'HI'; } else { print 'NOOOO",perl|oracle-database,22359496,Oracle Query - &&# variables from SQLPlus,"I have successfully used &&1, &&2, &&3, etc. in my SQLPlus query, and was wondering if it is possible to use this with any Oracle query, not just through SQLPlus? What are these ""variables"" properly called?",sql|oracle-database|sqlplus,初审完成，待第二人复核,相关但不重复,Codex机器辅助初审,同簇高相似困难负例初审,共享错误码或多个核心术语，但具体输入、环境或解决目标不同；需第二位人工标注者复核。,0.345010,37,35,0,0,相关但不重复,0.342548,30,35,0,0
A279,13041432,"Intermittently getting ""sqlexception invalid column index""",": What does the following Oracle error mean: invalid column index I am running tomcat 7 with tomcat jdbc connection pool and oracle database. I am intermittently seeing ""sqlexception invalid column index"" exception when running certain queries. It usually happens when same query is run a lots of time within a very short amount of time.",java|oracle-database|tomcat,35156626,How to get two highest salary in emp table?,"BREAK ON DEPTNO SKIP 1 compute sum of sal on deptno SELECT deptno, empno, ename,sal FROM (SELECT deptno, empno, ename, sal FROM emp ) WHERE EXISTS (SELECT deptno FROM dept) order by 1,2 , sal desc ; How can I get two highest sal from emp, and what is wrong with my code?",sql|oracle-database|rownum,初审完成，待第二人复核,不相关,Codex机器辅助初审,跨簇低相似保守负例初审,来自不同基线簇且无共享核心标题词；需第二位人工标注者复核。,0.002174,19,48,0,0,不相关,0.002090,19,48,0,0
A280,37431023,send mail with existing file as attachments using oracle procedure,"DECLARE attachments shr_pkg_send_mail.array_attachments:=shr_pkg_send_mail.array_attachments(); b_input_file BFILE:= BFILENAME('mount_dir', 'test02.txt'); c_output_file CLOB; BEGIN --DBMS_OUTPUT.PUT_LINE(c_output_file); dbms_lob.open(b_input_file, DBMS_LOB.LOB_READONLY); -- DBMS_OUTPUT.PUT_LINE('1'); dbms_lob.createtemporary(lob_loc => c_output_file, cache => false); --DBMS_OUTPUT.PUT_LINE('2'); dbms_lob.open(c_output_file, DBMS_LOB.LOB_READWRITE); --DBMS_OUTPUT.PUT_LINE('3'); dbms_lob.loadfromf",oracle-database|plsql,58720404,sys.aud$ got dropped how to rebuild it,I had enabled auditing with oracle 12.2C and mistakenly dropped the table sys.aud$ is there anyway to recreate the same with the same columns I tried to create it again but it is not the same as the previous so unable to write the audit logs into it please let me know the solution for this,sql|oracle-database|auditing,初审完成，待第二人复核,不相关,Codex机器辅助初审,跨簇低相似保守负例初审,来自不同基线簇且无共享核心标题词；需第二位人工标注者复核。,0.052280,5,21,0,0,不相关,0.003607,44,6,0,0
A281,16209728,TNS:could not resolve the connect identifier specified,"I have oracle server 11g installed on my windows 7 machine. I have to install this server from a remote machine. Remote machine is a 64 bit system,with Ubuntu 12.10. To access the server I installed Oracle instant client and configured eveything. ORACLE_HOME, TNS_ADMIN, PATH, LD_LIBRARY_PATH all are set, and are pointing to correct locations. My tnsname.ora file: ORCL = (DESCRIPTION = (ADDRESS = (PROTOCOL = TCP)(HOST = ravi)(PORT = 1521)) (CONNECT_DATA = (SERVER = DEDICATED) (SERVICE_NAME = orcl",oracle-database|oracle11g|oracleclient|ora-12154,74299424,'TNS:could not resolve the connect identifier specified' when connecting to oracle instance through cx_Oracle,"I have an Oracle instance on a AWS EC2 instance. When I run this in the AWS linux terminal, it is successful. ubuntu@ip-xxx-xx-xx-xxx:~$ sqlplus user101/pass101@ip-xxx-xx-xx-xxx:1521/XE However, when I run the same arguments when connecting through cx_Oracle I get a: ""ORA-12154: TNS:could not resolve the connect identifier specified"" error I know some common problems are with the tnsnames.ora file. I've placed that below. XE = (DESCRIPTION = (ADDRESS = (PROTOCOL = TCP)(HOST = ip-172-xx-xx-xx)(PO",oracle-database|amazon-web-services|amazon-ec2|cx-oracle,初审完成，待第二人复核,相关但不重复,Codex机器辅助初审,同簇高相似困难负例初审,共享错误码或多个核心术语，但具体输入、环境或解决目标不同；需第二位人工标注者复核。,0.417106,20,20,1,0,相关但不重复,0.405655,20,20,1,1
A282,29060911,Cannot use $this -> db in Oracle with CodeIgniter,"I'm using CodeIgniter with Oracle. But this code segment doesn't work because it produces something that won't work in Oracle SQL. Here's the code of CodeIgniter: $this -> db -> select('id, username, password'); $this -> db -> from('users'); $this -> db -> where('username', $username); $this -> db -> where('password', $password); //$this -> db -> limit(1); Here's the produced code segment for SQL: SELECT ""id"", ""username"", ""password"" FROM ""users"" WHERE ""username"" = 'jonaii' AND ""password"" = 'port",php|oracle-database|codeigniter|class|record,5176848,How to set the oracle.jdbc.V8Compatible property,I am using Oracle 10g with a Grails 1.3.2 application. I am targeting a legacy schema with all Date columns types used where time is stored. I believe I need to set the oracle.jdbc.V8Compatible property to true somewhere in order to use Groovy's Sql.rows instance method (which uses ResultSet.getObject under the hood) to get java.sql.Timestamp objects with time components preserved instead java.sql.Date objects with time component truncated (see this ). Where is the right / best place to set / ho,oracle-database|grails|jdbc|groovy|oracle10g,初审完成，待第二人复核,不相关,Codex机器辅助初审,跨簇低相似保守负例初审,来自不同基线簇且无共享核心标题词；需第二位人工标注者复核。,0.022949,36,34,0,0,不相关,0.024771,36,22,0,0
A283,45009267,How can I get multiple columns values into single row in oracle?,"My exact requirement is that if the output of the query 'select amount, quantity from temp_table where type = 5;' is: amount | quantity 10 | 5 20 | 7 12 | 10 Then, the output should be displayed as: amount1 | amount2 | amount3 | quantity1 | quantity2 | quantity3 10 | 20 | 12 | 5 | 7 | 10",database|oracle-database,76833785,Delphi access bind variable through TOraDataSet of ODAC,I've been trying to access the output of bind variables i.e. SELECT COUNT(*) INTO var_name FROM tbl; in a TOraDataSet instance of the ODAC library. The intended variable gets declared twice. Once through FOraDataSet.SQL: DELCARE c_count Integer; BEGIN SELECT COUNT(id) INTO c_count FROM customers END; and once through FOraDataSet.Params: var lVariable := FOraDataSet.Params.AddParameter as TOraParam; lVariable.Name := 'c_count'; lVariable.ParamType := ptOutput; lVariable.DataType := dtInteger; lVa,oracle-database|delphi|plsql|odac,初审完成，待第二人复核,不相关,Codex机器辅助初审,跨簇低相似保守负例初审,来自不同基线簇且无共享核心标题词；需第二位人工标注者复核。,0.060961,6,9,0,0,不相关,0.065022,6,36,0,0
A284,1378721,PL/SQL function in Oracle cannot see DBMS_AQ,"I have problem with Oracle 9.2 and JMS. I created PL/SQL routine to send XML text (from file or CLOB) to queue, but this routine do not compile. My code looks like (filling message omitted): create or replace procedure jms_test(msg varchar2) is id pls_integer; message sys.aq$_jms_stream_message; enqueue_options dbms_aq.enqueue_options_t; message_properties dbms_aq.message_properties_t; msgid raw(16); java_exp exception; v_filehandle_input utl_file.file_type; v_newline varchar2(32767); pragma exc",oracle-database|plsql|jms|advanced-queuing,14039472,Error in creating procedure,": PL/SQL function in Oracle cannot see DBMS_AQ Below is my procedure to enqueue data in a queue, while running the procedure I am getting compilation errors, I can't find where I went wrong. Please help me with solution. CREATE OR REPLACE PROCEDURE p_enqueue(msg IN VARCHAR2) AS PRAGMA AUTONOMOUS_TRANSACTION; enqueue_options dbms_aq.enqueue_options_t; message_properties dbms_aq.message_properties_t; message_handle RAW(16); BEGIN dbms_aq.enqueue( queue_name => 'example_queue', enqueue_options => e",oracle-database|plsql|oracle10g|oracle11g|dbms-scheduler,初审完成，待第二人复核,重复,Codex机器辅助初审,Stack Overflow Possible Duplicate链接,原问题正文明确指向另一问题为Possible Duplicate。,0.543694,5,5,1,0,相关但不重复,0.511991,5,5,1,1
A285,54348262,Converting TIMESTAMP column in 12 HR format into Date column with 24 HR format,"In a table, I have a TIMESTAMP column in 12 HR format which I want to convert into Date column with 24 HR format. Insert_Date 3-JAN-19 09.50.25.000000 AM 23-JAN-19 08.54.37.000000 PM I tried following- to_char(Insert_Date,'YYYY-MM-DD HH:MI:SS') Expected Result is - 3-JAN-19 09.50.25 23-JAN-19 20.54.37",sql|oracle-database,78757903,Converting timestamp to date format in Oracle 12c,"I have a below date value stored in a column in a table. I wanted to get the result in dd/mm/yyyy format only. 15-JUL-18 22.04.11.587000000 I am using this format but seems not rendering the correct output. Could you please help what would be the correct SQL query please. select to_char(to_date(order_date, 'dd-mon-yyyy hh:mi:ss'), 'dd/mm/yyyy') from Titan_order; Error: ORA-01849: hour must be between 1 and 12 01849. 00000 - ""hour must be between 1 and 12"" *Cause: *Action:",sql|oracle-database|oracle12c,初审完成，待第二人复核,相关但不重复,Codex机器辅助初审,同簇高相似困难负例初审,共享错误码或多个核心术语，但具体输入、环境或解决目标不同；需第二位人工标注者复核。,0.348644,3,39,0,0,相关但不重复,0.341120,39,39,1,1
A286,7670290,TNS:listener does not currently know of service requested in connect descriptor,I get ORA-12514:TNS:listener does not currently know of service requested in connect descriptor when running my application yet I can connect to the database via server explorer in visual studio. Where does the application look (when published) to get the information required to connect to the database? The connection string used by our application is correct.,asp.net|oracle-database,55322654,"expressjs oracledb { [Error: ORA-12514: TNS:listener does not currently know of service requested in connect descriptor] errorNum: 12514, offset: 0 }","I connect with DBeaver to Oracle Database Express Edition 11g successfully but when i want to connect with nodeJS my code is const oracleApp = express(); const oracledb = require('oracledb'); const config = { user: 'TEST', password: 'TEST', connectString: 'localhost:1521/XE' }; async function getStudents() { let conn; try { conn = await oracledb.getConnection(config); const result = await conn.execute( 'select * from students' ); console.log(result.rows[0]); } catch (err) { console.log('Ouch!', ",node.js|oracle-database|express|node-oracledb,初审完成，待第二人复核,相关但不重复,Codex机器辅助初审,同簇高相似困难负例初审,共享错误码或多个核心术语，但具体输入、环境或解决目标不同；需第二位人工标注者复核。,0.416113,20,20,1,0,相关但不重复,0.452575,20,20,1,1
A287,29027260,SQL Query output print,i have a question... employee table is given below: EmpID Name ManagerID 1 a 2 2 b 3 3 c 4 4 d 1 Desired result: EmpID Name ManagerID ManagerName 1 a 2 b 2 b 3 c 3 c 4 d 4 d 1 a Please help me out how to print the output. Thanks,mysql|sql|oracle-database,33109979,"Oracle database, SQL Query output",I'm getting a really annoying bug. If I run a script with an a simple query as this: SELECT C.cnum FROM CLASS C WHERE C.room = '115' I get this output on the terminal and the cursor keeps blinking. I get the same result for several different queries. SQL> @test.sql 4,sql|oracle-database,初审完成，待第二人复核,相关但不重复,Codex机器辅助初审,同簇高相似困难负例初审,共享错误码或多个核心术语，但具体输入、环境或解决目标不同；需第二位人工标注者复核。,0.217430,8,36,0,0,相关但不重复,0.209741,8,19,0,0
A288,14245518,SQL.. Alias name in where condition,": Using an Alias in a WHERE clause Please let me know why i'm not able to use the alias names in where condition for the query below.. SELECT * FROM ( SELECT USER_NAME AS ""User ID"", OLD_VALUE_STRING as ""Status"", NVL(lag(ENTRY_DATE) over (partition by user_name order by ENTRY_DATE), trunc(Sysdate-1)) as ""Begin"", ENTRY_DATE as ""End"" FROM (SELECT U.USER_NAME, U.FULL_NAME, UH.OLD_VALUE_STRING, UH.NEW_VALUE_STRING, UH.ENTRY_DATE, US.IS_WORKING FROM VIW.USER_HISTORY UH, VIW.USERS U, VIW.USER_STATUS US",sql|oracle-database,356675,Using an Alias in a WHERE clause,"I have a query which is meant to show me any rows in table A which have not been updated recently enough. (Each row should be updated within 2 months after ""month_no"".): SELECT A.identifier , A.name , TO_NUMBER(DECODE( A.month_no , 1, 200803 , 2, 200804 , 3, 200805 , 4, 200806 , 5, 200807 , 6, 200808 , 7, 200809 , 8, 200810 , 9, 200811 , 10, 200812 , 11, 200701 , 12, 200702 , NULL)) as MONTH_NO , TO_NUMBER(TO_CHAR(B.last_update_date, 'YYYYMM')) as UPD_DATE FROM table_a A , table_b B WHERE A.iden",sql|oracle-database|alias|decode|ora-00904,初审完成，待第二人复核,重复,Codex机器辅助初审,Stack Overflow Possible Duplicate链接,原问题正文明确指向另一问题为Possible Duplicate。,0.201720,7,33,0,0,相关但不重复,0.210501,35,33,0,0
A289,46047939,i cant update one table to another table in oracle 11g,UPDATE STOCKVALUE A SET A.LOCATION=(SELECT B.LOCID FROM DCCUMINVBASIC B WHERE A.MAPNAME='invdc4') Error:ORA-01427: single-row subquery returns more than one row,sql|oracle-database|oracle11g|sql-update,57603328,update one table using data in another table,i have table A mem_id | temp_id | version -------------------------- 1 | 1008 | 1 2 | 1009 | 1 3 | 1010 | 1 4 | 1021 | 1 and table B temp_id | base id | desc -------------------------- 1008 | 720 | GP 1009 | 720 | GP 1010 | 720 | GP 1021 | 720 | GP I want to do an update statement that will update the temp_id for all mem_id in table A to only temp_id = 1008 . update table a set a.temp_id = (minimum of temp_id in table b) where a.temp_id in (select temp_id in table b where b.tempid (min) i want i,sql|oracle-database|oracle11g|sql-update,初审完成，待第二人复核,相关但不重复,Codex机器辅助初审,同簇高相似困难负例初审,共享错误码或多个核心术语，但具体输入、环境或解决目标不同；需第二位人工标注者复核。,0.452339,32,32,1,0,相关但不重复,0.452605,32,32,1,1
A290,14490096,How to compile additional source files in cmake after the build process,"I have a project in cmake for windows which contains a Pro*C source file called database.proc, my goal is to generate a C source file from the .proc file and add it to the project to be linked along the other source files, I've tried to add a custom command to achieve this without success add_custom_command(TARGET myproj OUTPUT PRE_LINK COMMAND ${PROC} iname=${PROJECT_SOURCE_DIR}/connection.proc SQLCHECK=SYNTAX MODE=ANSI IRECLEN=255 ORECLEN=255 ONAME=${PROJECT_SOURCE_DIR}/connection.c COMMAND ${",c|oracle-database|cmake|oracle-pro-c,14510884,How to pre process Pro*C files in cmake?,": How to compile additional source files in cmake after the build process I need to preprocess a proc file (Pro*C oracle) to generate a C file and then compile it along the rest of C files, I've tried to solve it without success like this add_custom_command(TARGET my_proj OUTPUT PRE_LINK COMMAND ${PCC} iname=${PROJECT_SOURCE_DIR}/${conn}.proc SQLCHECK=SYNTAX MODE=ANSI IRECLEN=255 ORECLEN=255 ONAME=${PROJECT_SOURCE_DIR}/${conn}.c COMMAND ""${CMAKE_C_COMPILER}"" ${CMAKE_C_FLAGS} ${PROJECT_SOURCE_DIR",c|oracle-database|cmake|proc,初审完成，待第二人复核,重复,Codex机器辅助初审,Stack Overflow Possible Duplicate链接,原问题正文明确指向另一问题为Possible Duplicate。,0.823477,10,2,0,0,相关但不重复,0.823204,16,49,0,0
A291,8539402,Call Oracle function from Java,"I have following function specification: FUNCTION FUNC_GET_SOMETHING_FROM_DATABASE ( IN_parameter1 IN VARCHAR2, IN_parameter2 IN VARCHAR2, IN_parameter3 IN VARCHAR2, IN_parameter4 IN VARCHAR2, IN_parameter5 IN VARCHAR2, IN_parameter6 IN VARCHAR2) RETURN REFCURTYP; Following is my method in Java that is calling the function in Oracle: public List<SomeVO> getLogReport( String parameter1, String parameter2, String parameter3, String parameter4, String parameter5, String parameter6) throws BlahExcep",java|oracle-database|oracle10g|stored-functions,41220423,Call an oracle function from c#,"i have a function in oracle with this signature test_fun(p_nat_no in number,p_number_type in number) RETURN test_table in the c# this is the code string select = ""test_fun""; using (OracleConnection connection = new OracleConnection(helper.Global.ConnectionString)) { OracleCommand command = new OracleCommand(select, connection); // command.CommandType = CommandType.StoredProcedure; OracleParameter PrmnatNo = new OracleParameter(""p_nat_no "", natNo);//natNo command.Parameters.Add(PrmnatNo); OracleP",c#|asp.net|.net|oracle-database,初审完成，待第二人复核,相关但不重复,Codex机器辅助初审,同簇高相似困难负例初审,共享错误码或多个核心术语，但具体输入、环境或解决目标不同；需第二位人工标注者复核。,0.220951,9,9,1,0,相关但不重复,0.227402,9,9,1,1
A292,4528205,Does a report's maximum row count affect the style of pagination in Oracle Application Express (APEX) 3.1?,I am trying to make a report use a drop-down list (select list) for pagination on a report however I have found that if the maximum row count for the report is set to a value above 8000 that APEX will use a pagination style of next and previous links instead. Is this a known bug of Oracle APEX 3.1? EDIT: Pagination works as expected when the maximum row count is set to a value below 8000.,oracle-database|pagination|report|oracle-apex,9557209,Active sessions in Oracle,How can I create active sessions in oracle( so that it keeps on running (foreground or background))?,sql|oracle-database|session,初审完成，待第二人复核,不相关,Codex机器辅助初审,跨簇低相似保守负例初审,来自不同基线簇且无共享核心标题词；需第二位人工标注者复核。,0.002769,21,2,0,0,不相关,0.002708,21,2,0,0
A293,32092817,Update using the table list,"I am facing an issue while updating 100 tables. Problem is as below: I have to update 299 columns in 100 tables and for that I have to create one oracle procedure. I have created a table with two columns where I am storing the table name and the columns for e.g.: lookup_table:------ table_name column_name Now what I want to do is pick every row and update the cols based on table name, hence I need to use the table_name and column_name as variables. Let me know if anyone worked on this type of sc",oracle-database|variables|plsql|oracle11g,45661014,Update table in a SQL database,"I am trying to add a column in my table which maps some values in another column to the new column. (Population is another column that I have) This is what I have been using: UPDATE my_table SET popmatch2 CASE WHEN popmatch IN ('MFNR', 'GQNR', 'EWNR', 'MHNR', 'OUTONR', 'OUTADVNR') THEN popmatch2 IN ('GENERAL', 'GENERAL', 'GENERAL', 'GENERAL', 'ENDEMIC', 'ENDEMIC') ELSE POPULATION; This is not working",sql|oracle-database|sql-update,初审完成，待第二人复核,相关但不重复,Codex机器辅助初审,同簇高相似困难负例初审,共享错误码或多个核心术语，但具体输入、环境或解决目标不同；需第二位人工标注者复核。,0.109073,32,32,1,0,相关但不重复,0.107931,32,32,1,0
A294,50015325,Capture Oracle Errors in a Manually Created Table,Hi I want to capture all the Oracle Errors for my DML operations in the manually created table with columns as ErrorID and Error_Descr . How to get ORA_ERR_NUMBER$ and ORA_ERR_MESG$ values in the above columns? This table contains user defined errors as well so I do not want to limit it to the Oracle Errors. Is there any way of capturing Oracle as well as User Defined Errors in the User Defined Tables? Thanks in Advance!,oracle-database|oracle11g,5312447,Cannot put more than 1000 elements in a IN Expression CFQUERY,"The number of elements that we can put in a ""in"" expression is limited to 1000 in Oracle. We have a query in our code: <cfquery> SELECT * from table1 where ID IN (#somelist#) </cfquery> Here #somelist# is CF list variable. What would be the most appropriate solution in CF to solve this issue?",sql|oracle-database|coldfusion,初审完成，待第二人复核,不相关,Codex机器辅助初审,跨簇低相似保守负例初审,来自不同基线簇且无共享核心标题词；需第二位人工标注者复核。,0.003110,4,23,0,0,不相关,0.002906,4,23,0,0
A295,29215303,Get date nearest to sysdate,"I would like to get per N the max(date) <= sysdate. If no dates in the past/today exist I want the min(date). So I do not want the absolute date nearest to sysdate. Testdata CREATE TABLE DATTEST (N NUMBER, D DATE); INSERT INTO DATTEST (N,D) VALUES (1,TRUNC(SYSDATE-2000)); INSERT INTO DATTEST (N,D) VALUES (1,TRUNC(SYSDATE-1000)); INSERT INTO DATTEST (N,D) VALUES (1,TRUNC(SYSDATE+100)); INSERT INTO DATTEST (N,D)VALUES (2,TRUNC(SYSDATE)); INSERT INTO DATTEST (N,D)VALUES (2,TRUNC(SYSDATE+1000)); INS",sql|oracle-database|date|oracle11g,63084729,What is the difference between BEGIN followed by IF and IF followed by BEGIN,I am new to PL/SQL. What is the difference between the below two flows? BEGIN followed by IF BEGIN IF flag= 1 THEN FOR SOME_REC(id) LOOP END LOOP; END IF; END IF followed by BEGIN IF flag= 1 THEN BEGIN FOR SOME_REC(id) LOOP END LOOP; END END IF;,oracle-database|plsql,初审完成，待第二人复核,不相关,Codex机器辅助初审,跨簇低相似保守负例初审,来自不同基线簇且无共享核心标题词；需第二位人工标注者复核。,0.003583,3,13,0,0,不相关,0.003518,3,13,0,0
A296,2425960,Oracle (Old?) Joins - A tool/script for conversion?,"I have been porting oracle selects, and I have been running across a lot of queries like so: SELECT e.last_name, d.department_name FROM employees e, departments d WHERE e.department_id(+) = d.department_id; ...and: SELECT last_name, d.department_id FROM employees e, departments d WHERE e.department_id = d.department_id(+); Are there any guides/tutorials for converting all of the variants of the (+) syntax? What is that syntax even called (so I can scour google)? Even better .. Is there a tool/sc",sql|database|oracle-database|plsql|outer-join,6658334,(+) syntax for outer joins in mysql,"s: Oracle “(+)” Operator Oracle (Old?) Joins - A tool/script for conversion? I have been somewhat spoiled by using Oracle for years. Now I am using mysql and cannot find a non-ansi version/shorthand version of outer joins in MySQL. In oracle I could do this select a.country acountry, a.stateProvince aStateProvince, b.countryName bcountry, b.name bstateProvince from User a, stateprovince b where a.country*=b.countryName **(+)** and a.stateProvince*=b.name **(+)** to get an outer join. Can mysql d",mysql|sql|oracle-database|outer-join,初审完成，待第二人复核,重复,Codex机器辅助初审,Stack Overflow Possible Duplicate链接,原问题正文明确指向另一问题为Possible Duplicate。,0.361937,15,16,0,0,相关但不重复,0.403861,15,16,0,0
A297,22525350,Missing IN or OUT parameter at index:: 1,"I am trying to execute a query in java code, the query is: String triggerQuery = ""CREATE OR REPLACE TRIGGER global_archive_01 AFTER INSERT ON archive_01 FOR EACH ROW BEGIN INSERT INTO archive values (:NEW.id_01 , :NEW.id_02 , :NEW.id_03 , 'test' , :NEW.id_05); END;"" Query query = session.createSQLQuery(triggerQuery); query.executeUpdate(); When I try to execute this query in SQL Developer it works fine, but in jdbc it is throwing an exception. Caused by: java.sql.SQLException: Missing IN or OUT ",sql|oracle-database|hibernate|jdbc|triggers,35774738,Insert using different conditions with same date - Oracle 10g,"--Table Creation CREATE TABLE BOOK_TEST (BOOK_ID VARCHAR2(20), DEP_IND VARCHAR2(1), INSERT_DATE DATE); --Insert data INSERT INTO BOOK_TEST VALUES ('B100','Y','20122016'); INSERT INTO BOOK_TEST VALUES ('B101','Y','20122016'); INSERT INTO BOOK_TEST VALUES ('B101','N','20122016'); INSERT INTO BOOK_TEST VALUES ('B102','Y','20122016'); INSERT INTO BOOK_TEST VALUES ('B103','Y','20122016'); INSERT INTO BOOK_TEST VALUES ('B104','N','20122016'); INSERT INTO BOOK_TEST VALUES ('B105','N','20122016'); INSER",sql|oracle-database,初审完成，待第二人复核,不相关,Codex机器辅助初审,跨簇低相似保守负例初审,来自不同基线簇且无共享核心标题词；需第二位人工标注者复核。,0.090011,19,7,0,0,不相关,0.092606,19,7,0,0
A298,22861856,Insert Multiple data into Oracle db using Java,"Following is my code which retrieves Rally data. public static void main(String[] args) throws URISyntaxException, IOException { String host = ""examplehost""; String username = ""exampleuser""; String password = ""password""; String projectRef = ""project""; String workspaceRef = ""workspace""; String applicationName = """"; int queryLimit = 4000; Connection conn = null; String propertiesFile = """"; String projectValue = """"; String columnValue = """"; String returnValue = """"; RallyRestApi restApi = new RallyR",java|json|oracle-database|rally,44730746,Oracle Cloud How to get Shipping Notes for a Shipment,"I have a shipment that contains Notes. I know the shipment headers are in WSH_NEW_DELIVERIES table, and notes are in ZMM_NOTES table. I can't find any information to how to join this two tables (ie notes for a particular shipment). There are NOTE_ID , SOURCE_OBJECT_UID columns in ZMM_NOTES . But to which table should I join it to? The table structures are below: ZMM_NOTES WSH_NEW_DELIVERIES",oracle-database|oracle11g|oracle-bi,初审完成，待第二人复核,不相关,Codex机器辅助初审,跨簇低相似保守负例初审,来自不同基线簇且无共享核心标题词；需第二位人工标注者复核。,0.036277,18,32,0,0,不相关,0.032532,18,30,0,0
A299,13087386,Finding table partition details,": How can I get all the information about a table in Oracle? I need to add partitions into existing tables, we dont have production database access and we need to send sql queries to find details regarding existing partitions, I tried desc <table-name>; but it gives only info regarding table structure, we need table strucuture along with partition details. Database is oracle 10g Thanks",sql|oracle-database,3306876,How can I get all the information about a table in Oracle?,"How can I get all the information about a table, its columns and constraints etc in Oracle? I am using desc MY_TABLE but that's only giving me column name, nullness and type.",sql|oracle-database,初审完成，待第二人复核,重复,Codex机器辅助初审,Stack Overflow Possible Duplicate链接,原问题正文明确指向另一问题为Possible Duplicate。,0.214992,8,4,0,0,相关但不重复,0.206349,8,4,0,0
A300,14625881,Update field with rownumber in oracle,": Oracle: Updating a table column using ROWNUM in conjunction with ORDER BY clause I have a query that returns an ordered set of records, and i want to copy the rownumber of each row in the result set into a particular field called Sequence on the record itself. SELECT ROWNUM, ID FROM ( SELECT ID FROM MYTABLE WHERE PARENT = 1 ORDER BY SEQUENCE ASC ) I have the ID of each row, and the rownum I want to put in the SEQUENCE field. How can I loop through this result set and update the table according",sql|oracle-database|oracle10g|rownum,6094039,Oracle: Updating a table column using ROWNUM in conjunction with ORDER BY clause,"I want to populate a table column with a running integer number, so I'm thinking of using ROWNUM. However, I need to populate it based on the order of other columns, something like ORDER BY column1, column2 . That is, unfortunately, not possible since Oracle does not accept the following statement: UPDATE table_a SET sequence_column = rownum ORDER BY column1, column2; Nor the following statement (an attempt to use WITH clause): WITH tmp AS (SELECT * FROM table_a ORDER BY column1, column2) UPDATE",sql|oracle-database|sql-update|rownum,初审完成，待第二人复核,重复,Codex机器辅助初审,Stack Overflow Possible Duplicate链接,原问题正文明确指向另一问题为Possible Duplicate。,0.320217,32,4,0,0,相关但不重复,0.316937,32,4,0,0
